u,v
0,443
0,253
0,100
0,197
0,75
0,196
0,188
0,143
0,81
0,178
0,50
0,125
0,28
0,58
0,173
0,41
0,96
0,166
0,21
0,183
0,88
0,72
0,127
0,62
0,77
0,150
0,163
0,162
0,63
0,283
0,94
0,145
0,95
0,10
0,153
0,126
0,190
0,26
0,70
0,140
0,40
0,37
0,134
0,31
0,149
0,87
0,184
0,114
0,17
0,101
0,4
0,168
0,74
0,132
0,133
0,180
0,105
0,120
0,85
1,19
1,138
1,188
1,50
1,128
1,99
1,114
1,165
1,68
1,96
1,66
1,57
1,21
1,158
1,383
1,195
1,48
1,145
1,142
1,179
1,83
1,194
1,77
1,187
1,177
1,101
1,198
1,78
1,175
1,36
1,39
1,144
1,184
1,123
1,32
1,8
1,413
1,122
1,16
1,113
1,199
1,5
1,102
1,185
1,117
1,149
1,86
1,85
2,100
2,19
2,165
2,138
2,60
2,143
2,52
2,181
2,81
2,178
2,110
2,50
2,58
2,173
2,114
2,92
2,66
2,109
2,12
2,38
2,80
2,170
2,53
2,88
2,71
2,48
2,145
2,179
2,161
2,199
2,77
2,34
2,131
2,156
2,183
2,86
2,44
2,191
2,94
2,90
2,187
2,184
2,123
2,101
2,198
2,10
2,89
2,118
2,160
2,63
2,31
2,139
2,56
2,103
2,14
3,48
3,165
3,75
3,66
3,18
3,160
3,161
3,179
3,120
3,51
3,144
3,47
3,77
3,54
3,110
3,46
3,168
3,71
3,17
3,38
3,89
3,192
3,67
3,26
3,83
3,36
3,133
3,136
3,20
3,12
3,176
3,139
3,28
3,4
3,111
3,106
3,9
3,105
3,78
4,130
4,81
4,19
4,138
4,143
4,99
4,114
4,96
4,13
4,137
4,167
4,106
4,45
4,118
4,381
4,170
4,53
4,88
4,23
4,192
4,199
4,62
4,61
4,345
4,131
4,180
4,86
4,44
4,160
4,190
4,91
4,164
4,67
4,59
4,168
4,109
4,12
4,49
4,43
4,117
4,134
4,122
4,129
4,139
4,127
4,171
4,8
4,52
4,149
4,77
4,174
5,81
5,148
5,100
5,197
5,22
5,37
5,128
5,99
5,16
5,165
5,68
5,57
5,21
5,13
5,115
5,121
5,45
5,6
5,72
5,191
5,69
5,87
5,17
5,30
5,224
5,98
5,56
5,163
5,107
5,187
5,73
5,36
5,198
5,54
5,77
5,174
5,193
5,143
5,46
5,160
5,63
5,40
5,140
5,159
5,59
5,74
5,105
5,152
5,149
5,9
6,130
6,100
6,81
6,112
6,165
6,119
6,143
6,28
6,173
6,128
6,99
6,166
6,92
6,47
6,42
6,443
6,55
6,45
6,80
6,16
6,170
6,160
6,179
6,195
6,107
6,163
6,147
6,65
6,94
6,174
6,168
6,123
6,32
6,116
6,182
6,126
6,186
6,89
6,95
6,192
6,88
6,185
6,110
6,13
6,193
6,20
6,134
6,156
6,25
6,150
6,132
6,108
6,14
6,72
6,199
6,171
6,43
6,86
7,148
7,60
7,58
7,135
7,78
7,41
7,166
7,57
7,167
7,115
7,106
7,118
7,53
7,195
7,144
7,145
7,142
7,90
7,34
7,156
7,152
7,180
7,198
7,23
7,63
7,177
7,36
7,335
7,141
7,184
7,10
7,182
7,153
7,159
7,91
7,31
7,172
7,134
7,46
7,139
7,15
7,26
7,49
7,124
7,196
7,99
7,199
7,102
7,171
8,130
8,81
8,395
8,109
8,197
8,27
8,60
8,37
8,58
8,173
8,78
8,138
8,41
8,29
8,96
8,92
8,66
8,21
8,110
8,13
8,121
8,443
8,55
8,158
8,19
8,116
8,145
8,142
8,192
8,87
8,131
8,186
8,141
8,94
8,54
8,174
8,129
8,10
8,182
8,56
8,153
8,128
8,31
8,113
8,179
8,82
8,67
8,190
8,26
8,14
8,11
8,108
8,171
8,74
8,154
8,149
8,80
8,177
8,105
8,9
8,101
8,139
9,75
9,196
9,197
9,52
9,110
9,114
9,29
9,137
9,38
9,118
9,11
9,88
9,47
9,144
9,179
9,191
9,192
9,127
9,62
9,147
9,152
9,120
9,63
9,51
9,12
9,39
9,46
9,204
9,107
9,10
9,86
9,182
9,71
9,168
9,112
9,15
9,129
9,132
9,169
9,199
9,105
10,443
10,100
10,410
10,188
10,60
10,143
10,52
10,178
10,110
10,50
10,58
10,136
10,165
10,68
10,166
10,115
10,42
10,183
10,30
10,191
10,93
10,161
10,199
10,90
10,187
10,128
10,177
10,92
10,189
10,120
10,36
10,54
10,82
10,192
10,95
10,26
10,186
10,89
10,12
10,134
10,67
10,132
10,237
10,43
10,196
10,49
10,169
10,25
10,88
10,185
10,194
10,97
11,130
11,100
11,104
11,19
11,165
11,119
11,75
11,196
11,188
11,52
11,181
11,58
11,137
11,111
11,124
11,21
11,118
11,132
11,160
11,189
11,120
11,70
11,152
11,73
11,151
11,36
11,88
11,69
11,129
11,168
11,71
11,114
11,17
11,182
11,102
11,184
11,87
11,89
11,192
11,83
11,190
11,140
11,194
11,164
11,31
11,72
11,105
11,76
11,86
11,80
11,177
11,126
11,61
12,130
12,286
12,415
12,197
12,178
12,50
12,28
12,98
12,173
12,128
12,68
12,21
12,64
12,13
12,137
12,115
12,121
12,42
12,30
12,120
12,160
12,63
12,93
12,73
12,65
12,36
12,34
12,88
12,136
12,39
12,103
12,94
12,54
12,144
12,168
12,38
12,182
12,126
12,122
12,102
12,154
12,166
12,69
12,153
12,26
12,172
12,70
12,159
12,140
12,194
12,193
12,67
12,164
12,249
12,79
12,176
12,49
12,111
12,14
12,106
12,171
12,183
12,86
12,104
12,298
13,100
13,104
13,27
13,181
13,110
13,128
13,78
13,96
13,92
13,66
13,21
13,177
13,329
13,161
13,107
13,443
13,152
13,79
13,44
13,47
13,77
13,151
13,54
13,46
13,168
13,123
13,184
13,32
13,113
13,179
13,82
13,59
13,153
13,172
13,62
13,185
13,121
13,140
13,39
13,133
13,42
13,167
13,18
13,115
13,25
13,150
13,23
13,169
13,72
13,261
13,34
13,131
13,171
13,41
13,126
13,195
14,81
14,48
14,100
14,197
14,119
14,75
14,27
14,136
14,137
14,115
14,106
14,111
14,109
14,71
14,90
14,194
14,199
14,38
14,101
14,156
14,53
14,150
14,183
14,86
14,120
14,63
14,55
14,152
14,131
14,151
14,54
14,125
14,28
14,174
14,182
14,95
14,166
14,69
14,169
14,196
14,99
14,96
14,193
14,167
14,70
14,159
14,15
14,20
14,46
14,49
14,74
14,134
14,133
14,83
14,180
14,29
14,126
14,173
14,76
14,91
14,149
14,123
14,43
14,98
14,195
15,100
15,81
15,109
15,19
15,119
15,138
15,27
15,96
15,92
15,452
15,64
15,42
15,18
15,55
15,463
15,172
15,183
15,144
15,48
15,145
15,142
15,179
15,90
15,127
15,69
15,87
15,199
15,147
15,78
15,175
15,51
15,141
15,94
15,123
15,192
15,95
15,182
15,32
15,126
15,190
15,186
15,73
15,117
15,20
15,61
15,106
16,100
16,411
16,27
16,60
16,209
16,22
16,208
16,56
16,443
16,55
16,96
16,175
16,169
16,65
16,151
16,94
16,125
16,28
16,38
16,182
16,89
16,192
16,67
16,123
16,26
16,93
16,190
16,121
16,118
16,21
16,42
16,194
16,70
16,167
16,101
16,31
16,176
16,115
16,156
16,30
16,127
16,149
16,150
16,92
16,58
16,155
16,102
16,199
16,173
16,76
16,84
17,130
17,109
17,19
17,48
17,412
17,181
17,178
17,125
17,128
17,114
17,166
17,21
17,115
17,47
17,111
17,42
17,38
17,55
17,79
17,45
17,98
17,195
17,160
17,163
17,189
17,70
17,51
17,198
17,50
17,147
17,141
17,44
17,39
17,191
17,94
17,143
17,46
17,103
17,182
17,192
17,95
17,91
17,72
17,169
17,123
17,26
17,133
17,193
17,180
17,172
17,137
17,40
17,25
17,194
17,52
17,149
17,150
17,105
17,173
17,76
17,37
17,134
18,130
18,440
18,404
18,27
18,143
18,81
18,178
18,58
18,114
18,165
18,68
18,57
18,42
18,179
18,53
18,63
18,51
18,77
18,126
18,91
18,133
18,134
18,20
18,117
18,49
18,122
18,25
18,76
19,130
19,100
19,109
19,104
19,57
19,177
19,64
19,161
19,48
19,119
19,195
19,70
19,175
19,96
19,162
19,65
19,36
19,352
19,47
19,54
19,110
19,94
19,166
19,32
19,116
19,135
19,182
19,102
19,87
19,67
19,153
19,62
19,68
19,118
19,21
19,143
19,112
19,137
19,75
19,79
19,176
19,117
19,115
19,156
19,49
19,198
19,52
19,149
19,23
19,189
19,92
19,105
19,131
19,29
19,179
19,373
20,48
20,165
20,196
20,110
20,50
20,135
20,66
20,84
20,106
20,138
20,41
20,449
20,158
20,80
20,21
20,118
20,144
20,191
20,23
20,34
20,194
20,161
20,77
20,172
20,180
20,150
20,56
20,101
20,198
20,73
20,103
20,54
20,168
20,129
20,32
20,192
20,95
20,128
20,322
20,31
20,102
20,89
20,176
20,96
20,193
20,49
20,169
20,25
20,184
20,43
20,40
20,67
20,119
20,22
20,156
20,59
20,171
20,185
20,155
20,175
21,130
21,75
21,138
21,181
21,50
21,22
21,128
21,136
21,68
21,170
21,56
21,98
21,177
21,64
21,161
21,158
21,70
21,63
21,79
21,175
21,65
21,151
21,145
21,144
21,47
21,77
21,46
21,184
21,192
21,62
21,190
21,110
21,137
21,109
21,117
21,28
21,194
21,74
21,402
21,111
21,23
21,155
21,199
21,29
21,126
21,86
21,280
22,294
22,48
22,181
22,281
22,41
22,55
22,189
22,30
22,66
22,163
22,191
22,70
22,160
22,63
22,148
22,51
22,142
22,96
22,44
22,47
22,54
22,166
22,317
22,123
22,95
22,116
22,173
22,126
22,122
22,153
22,99
22,31
22,115
22,156
22,53
22,150
22,108
22,78
23,112
23,109
23,314
23,196
23,136
23,115
23,106
23,38
23,158
23,53
23,144
23,142
23,118
23,104
23,93
23,147
23,174
23,129
23,123
23,184
23,192
23,57
23,154
23,113
23,91
23,187
23,62
23,159
23,67
23,164
23,180
23,79
23,176
23,139
23,134
23,156
23,122
23,25
23,101
23,127
23,149
23,108
23,76
23,131
23,85
24,109
24,404
24,460
24,441
24,79
24,185
24,171
25,112
25,104
25,419
25,197
25,138
25,188
25,143
25,135
25,137
25,106
25,47
25,111
25,55
25,323
25,98
25,195
25,116
25,71
25,30
25,69
25,101
25,156
25,160
25,120
25,73
25,163
25,57
25,154
25,95
25,113
25,134
25,180
25,105
25,126
25,76
25,174
25,196
25,99
25,167
25,70
25,49
25,97
26,148
26,188
26,197
26,52
26,28
26,128
26,99
26,68
26,84
26,137
26,42
26,41
26,79
26,45
26,132
26,116
26,88
26,145
26,30
26,83
26,62
26,151
26,158
26,61
26,131
26,55
26,152
26,150
26,56
26,120
26,73
26,97
26,182
26,192
26,95
26,140
26,129
26,82
26,65
26,169
26,122
26,57
26,154
26,136
26,39
26,58
26,155
26,199
26,102
26,94
27,100
27,197
27,124
27,188
27,30
27,107
27,163
27,79
27,51
27,147
27,44
27,141
27,88
27,191
27,94
27,69
27,166
27,123
27,174
27,32
27,116
27,57
27,154
27,89
27,82
27,192
27,59
27,99
27,113
27,75
27,172
27,121
27,159
27,133
27,194
27,443
27,249
27,143
27,139
27,117
27,134
27,114
27,125
27,28
27,150
27,80
27,111
27,132
27,72
27,86
28,130
28,75
28,181
28,66
28,161
28,179
28,152
28,79
28,142
28,96
28,88
28,39
28,94
28,77
28,95
28,116
28,182
28,91
28,123
28,196
28,99
28,113
28,90
28,187
28,68
28,133
28,167
28,101
28,180
28,31
28,117
28,59
28,156
28,49
28,194
28,149
28,150
28,111
28,72
28,92
28,155
28,102
28,199
28,105
28,131
28,78
28,86
29,196
29,52
29,58
29,135
29,452
29,136
29,114
29,68
29,160
29,144
29,120
29,107
29,70
29,152
29,93
29,151
29,97
29,103
29,166
29,174
29,182
29,122
29,89
29,192
29,59
29,153
29,172
29,62
29,185
29,133
29,193
29,101
29,31
29,134
29,176
29,139
29,150
29,72
29,102
29,199
29,74
29,171
29,140
29,43
29,78
29,175
29,41
29,61
30,100
30,112
30,196
30,188
30,98
30,78
30,114
30,96
30,66
30,264
30,137
30,115
30,109
30,135
30,38
30,45
30,132
30,172
30,53
30,116
30,71
30,56
30,90
30,63
30,148
30,51
30,50
30,147
30,198
30,65
30,151
30,46
30,184
30,32
30,83
30,182
30,126
30,89
30,179
30,82
30,95
30,192
30,67
30,190
30,39
30,194
30,118
30,176
30,52
30,149
30,108
30,131
31,48
31,138
31,143
31,52
31,181
31,178
31,114
31,47
31,111
31,38
31,45
31,132
31,179
31,127
31,87
31,199
31,77
31,131
31,156
31,152
31,83
31,180
31,177
31,163
31,120
31,63
31,198
31,175
31,169
31,44
31,141
31,168
31,129
31,153
31,95
31,93
31,190
31,189
31,193
31,137
31,40
31,37
31,134
31,155
31,108
31,126
31,171
31,197
31,98
31,195
31,43
31,99
31,97
32,81
32,109
32,197
32,165
32,60
32,52
32,125
32,114
32,121
32,111
32,42
32,132
32,75
32,172
32,47
32,144
32,87
32,61
32,131
32,152
32,92
32,189
32,120
32,180
32,264
32,70
32,51
32,175
32,169
32,170
32,73
32,54
32,82
32,71
32,168
32,192
32,95
32,113
32,153
32,59
32,43
32,140
32,164
32,193
32,108
32,58
32,155
32,65
32,84
32,182
32,102
32,196
32,99
33,450
33,471
33,426
33,428
33,423
33,414
33,290
33,346
33,367
33,348
33,242
33,306
33,271
34,100
34,119
34,181
34,135
34,57
34,111
34,42
34,158
34,88
34,179
34,160
34,99
34,162
34,189
34,120
34,55
34,152
34,170
34,73
34,36
34,141
34,103
34,54
34,46
34,174
34,123
34,182
34,122
34,59
34,187
34,190
34,167
34,70
34,193
34,67
34,164
34,49
34,149
34,53
34,150
34,76
34,43
35,440
35,468
35,170
35,163
36,119
36,75
36,196
36,52
36,81
36,178
36,125
36,50
36,135
36,78
36,137
36,115
36,47
36,42
36,118
36,88
36,71
36,191
36,90
36,192
36,62
36,151
36,131
36,156
36,180
36,111
36,402
36,121
36,189
36,120
36,70
36,170
36,73
36,65
36,103
36,69
36,39
36,184
36,123
36,143
36,46
36,153
36,126
36,82
36,67
36,190
36,89
36,100
36,85
36,104
36,199
36,105
36,155
36,145
37,138
37,143
37,110
37,128
37,145
37,124
37,77
37,71
37,95
37,174
37,126
37,67
37,59
37,130
37,83
37,99
37,140
37,53
37,147
37,194
37,411
37,176
37,156
37,149
37,103
37,150
37,60
37,154
37,72
37,43
37,78
37,180
37,86
37,84
38,138
38,60
38,52
38,50
38,173
38,100
38,197
38,166
38,137
38,167
38,179
38,45
38,144
38,160
38,63
38,152
38,162
38,78
38,175
38,169
38,93
38,97
38,39
38,122
38,154
38,89
38,62
38,133
38,96
38,193
38,101
38,164
38,109
38,156
38,80
38,150
38,132
38,199
38,105
38,171
38,182
38,85
39,100
39,148
39,196
39,165
39,68
39,66
39,57
39,137
39,121
39,111
39,42
39,443
39,55
39,45
39,158
39,172
39,183
39,199
39,195
39,107
39,175
39,73
39,141
39,101
39,198
39,97
39,87
39,184
39,174
39,186
39,89
39,82
39,261
39,67
39,153
39,59
39,96
39,193
39,159
39,117
39,155
39,80
39,177
39,49
40,81
40,112
40,100
40,197
40,404
40,75
40,60
40,173
40,137
40,167
40,124
40,118
40,183
40,88
40,71
40,145
40,142
40,179
40,62
40,114
40,131
40,231
40,66
40,163
40,120
40,104
40,443
40,55
40,152
40,189
40,46
40,182
40,56
40,153
40,122
40,89
40,69
40,72
40,169
40,190
40,91
40,184
40,108
40,103
40,128
40,129
40,73
40,132
40,123
40,84
40,116
41,112
41,253
41,52
41,181
41,125
41,58
41,196
41,99
41,136
41,66
41,53
41,104
41,79
41,198
41,169
41,45
41,142
41,65
41,151
41,147
41,145
41,44
41,103
41,168
41,192
41,90
41,187
41,190
41,121
41,139
41,80
41,111
42,100
42,197
42,178
42,125
42,68
42,166
42,121
42,124
42,55
42,195
42,191
42,147
42,175
42,73
42,151
42,48
42,145
42,141
42,103
42,174
42,115
42,301
42,113
42,154
42,91
42,59
42,183
42,70
42,159
42,97
42,194
42,193
42,101
42,83
42,180
42,52
42,149
42,199
42,105
42,171
42,140
42,43
42,85
43,100
43,165
43,404
43,252
43,60
43,50
43,173
43,135
43,114
43,66
43,118
43,413
43,195
43,116
43,72
43,64
43,161
43,151
43,158
43,61
43,81
43,178
43,369
43,187
43,131
43,180
43,170
43,362
43,102
43,89
43,129
43,179
43,82
43,56
43,153
43,59
43,193
43,185
43,134
43,74
43,126
43,120
43,142
43,139
43,49
44,81
44,148
44,109
44,48
44,165
44,181
44,125
44,119
44,173
44,138
44,167
44,106
44,124
44,79
44,55
44,195
44,116
44,144
44,72
44,93
44,199
44,114
44,172
44,136
44,233
44,107
44,175
44,94
44,129
44,182
44,166
44,69
44,99
44,89
44,67
44,185
44,96
44,193
44,101
44,105
45,318
45,188
45,60
45,181
45,50
45,92
45,167
45,441
45,111
45,55
45,112
45,403
45,160
45,158
45,118
45,144
45,120
45,107
45,148
45,51
45,175
45,162
45,65
45,151
45,97
45,126
45,102
45,154
45,123
45,83
45,172
45,183
45,62
45,159
45,193
45,139
45,80
45,127
45,52
45,149
45,108
45,72
45,105
45,171
46,48
46,119
46,75
46,100
46,197
46,181
46,98
46,128
46,196
46,99
46,136
46,165
46,68
46,47
46,158
46,132
46,53
46,191
46,110
46,69
46,64
46,161
46,147
46,115
46,180
46,160
46,163
46,87
46,184
46,129
46,92
46,189
46,192
46,95
46,122
46,59
46,188
46,91
46,185
46,65
46,109
46,206
46,137
46,70
46,164
46,49
46,52
46,149
46,173
46,76
47,130
47,119
47,181
47,84
47,160
47,64
47,161
47,90
47,179
47,118
47,144
47,189
47,120
47,191
47,152
47,50
47,147
47,175
47,93
47,54
47,132
47,87
47,185
47,140
47,194
47,180
47,117
47,177
47,80
47,105
47,74
47,171
47,134
47,86
47,195
48,104
48,188
48,170
48,57
48,64
48,161
48,106
48,179
48,158
48,53
48,118
48,195
48,144
48,454
48,163
48,125
48,50
48,175
48,97
48,110
48,77
48,178
48,166
48,123
48,116
48,192
48,185
48,68
48,193
48,112
48,197
48,75
48,117
48,134
48,74
48,80
48,60
48,189
48,92
48,155
48,76
48,86
49,81
49,75
49,138
49,50
49,173
49,196
49,99
49,165
49,68
49,379
49,166
49,57
49,137
49,158
49,80
49,170
49,183
49,144
49,145
49,90
49,150
49,107
49,83
49,180
49,55
49,249
49,96
49,193
49,141
49,194
49,97
49,65
49,159
49,139
49,105
49,82
49,79
49,176
49,98
49,195
49,168
49,175
49,111
50,197
50,138
50,157
50,208
50,57
50,64
50,161
50,106
50,189
50,128
50,160
50,63
50,51
50,198
50,186
50,175
50,142
50,144
50,166
50,168
50,71
50,178
50,107
50,122
50,173
50,95
50,192
50,59
50,153
50,99
50,172
50,90
50,187
50,190
50,185
50,118
50,136
50,164
50,180
50,139
50,194
50,150
50,74
50,108
50,169
50,72
50,105
50,84
51,104
51,75
51,188
51,60
51,100
51,178
51,125
51,110
51,135
51,68
51,92
51,66
51,443
51,55
51,79
51,158
51,406
51,115
51,170
51,183
51,88
51,144
51,145
51,147
51,77
51,156
51,80
51,177
51,162
51,107
51,58
51,155
51,198
51,94
51,168
51,123
51,213
51,129
51,179
51,82
51,164
51,67
51,133
51,159
51,403
51,134
51,103
51,89
51,124
51,118
51,196
51,99
52,109
52,104
52,56
52,57
52,138
52,177
52,161
52,53
52,118
52,195
52,144
52,70
52,162
52,145
52,94
52,54
52,110
52,132
52,77
52,174
52,129
52,113
52,184
52,87
52,173
52,196
52,99
52,62
52,190
52,164
52,181
52,115
52,156
52,106
52,189
52,92
52,155
52,171
52,78
53,112
53,109
53,60
53,178
53,165
53,68
53,66
53,288
53,333
53,118
53,132
53,160
53,196
53,177
53,64
53,161
53,90
53,179
53,189
53,93
53,175
53,141
53,145
53,144
53,168
53,123
53,113
53,192
53,59
53,164
53,134
53,149
53,108
53,155
53,199
53,105
53,76
53,122
54,130
54,81
54,112
54,104
54,418
54,165
54,75
54,143
54,136
54,84
54,167
54,106
54,109
54,124
54,443
54,55
54,116
54,144
54,72
54,191
54,192
54,161
54,77
54,131
54,160
54,163
54,175
54,73
54,101
54,198
54,413
54,122
54,91
54,82
54,59
54,133
54,139
54,134
54,126
54,396
54,155
54,85
54,150
54,199
54,147
55,130
55,419
55,138
55,143
55,125
55,135
55,96
55,66
55,90
55,189
55,63
55,152
55,147
55,198
55,186
55,175
55,142
55,73
55,65
55,97
55,191
55,94
55,103
55,168
55,129
55,95
55,182
55,179
55,82
55,67
55,164
55,180
55,116
55,122
55,127
55,108
55,169
55,72
55,155
55,131
56,130
56,109
56,143
56,110
56,128
56,136
56,379
56,57
56,115
56,79
56,170
56,413
56,72
56,87
56,151
56,147
56,180
56,160
56,92
56,189
56,70
56,78
56,175
56,145
56,198
56,129
56,174
56,153
56,126
56,89
56,65
56,165
56,68
56,149
56,139
56,182
56,155
56,97
56,402
56,133
56,190
56,141
57,443
57,81
57,196
57,138
57,188
57,405
57,106
57,158
57,195
57,191
57,70
57,63
57,79
57,186
57,175
57,142
57,151
57,141
57,174
57,132
57,129
57,182
57,126
57,102
57,154
57,87
57,82
57,67
57,90
57,187
57,93
57,190
57,97
57,194
57,193
57,198
57,101
57,139
57,150
58,130
58,100
58,81
58,143
58,66
58,161
58,90
58,195
58,128
58,120
58,63
58,443
58,152
58,175
58,145
58,88
58,129
58,107
58,122
58,154
58,414
58,183
58,140
58,167
58,96
58,193
58,136
58,114
58,134
58,406
58,115
58,97
58,111
59,148
59,104
59,165
59,188
59,181
59,81
59,178
59,128
59,114
59,137
59,124
59,158
59,80
59,144
59,179
59,72
59,93
59,62
59,86
59,141
59,103
59,143
59,69
59,107
59,154
59,164
59,176
59,134
59,122
59,155
59,136
59,102
59,149
59,99
59,95
59,140
59,87
59,184
59,162
59,65
59,96
59,193
59,101
60,130
60,109
60,165
60,161
60,144
60,169
60,96
60,73
60,162
60,65
60,151
60,88
60,123
60,168
60,71
60,77
60,174
60,116
60,154
60,89
60,82
60,67
60,62
60,412
60,121
60,194
60,101
60,83
60,180
60,181
60,117
60,115
60,156
60,108
60,92
60,99
61,130
61,197
61,196
61,98
61,78
61,68
61,92
61,84
61,115
61,106
61,183
61,142
61,93
61,62
61,167
61,70
61,145
61,339
61,77
61,127
61,168
61,178
61,67
61,187
61,101
61,150
61,199
61,102
61,76
61,126
62,81
62,410
62,125
62,78
62,136
62,114
62,165
62,68
62,64
62,118
62,116
62,145
62,142
62,179
62,83
62,191
62,160
62,80
62,177
62,107
62,186
62,184
62,137
62,166
62,69
62,154
62,126
62,122
62,140
62,133
62,67
62,164
62,172
62,176
62,139
62,117
62,101
62,194
62,97
62,108
62,127
62,76
63,81
63,165
63,404
63,75
63,143
63,452
63,114
63,137
63,167
63,135
63,158
63,443
63,183
63,195
63,144
63,179
63,90
63,93
63,80
63,177
63,120
63,107
63,95
63,182
63,153
63,89
63,133
63,91
63,128
63,111
63,117
63,159
63,356
63,168
63,193
63,189
63,142
64,100
64,404
64,188
64,125
64,98
64,114
64,66
64,170
64,106
64,120
64,443
64,152
64,186
64,142
64,151
64,144
64,94
64,129
64,184
64,87
64,69
64,192
64,90
64,187
64,121
64,159
64,133
64,167
64,193
64,101
64,109
64,134
64,176
64,177
64,80
64,150
64,169
64,72
65,125
65,136
65,166
65,84
65,106
65,121
65,170
65,183
65,71
65,145
65,142
65,179
65,83
65,127
65,443
65,152
65,160
65,186
65,169
65,94
65,129
65,123
65,95
65,199
65,102
65,67
65,134
65,167
65,70
65,117
65,109
65,108
65,171
65,103
65,193
65,140
65,97
65,156
65,105
66,75
66,119
66,170
66,160
66,329
66,179
66,443
66,195
66,144
66,198
66,175
66,142
66,97
66,69
66,77
66,95
66,182
66,186
66,89
66,153
66,183
66,187
66,159
66,110
66,134
66,156
66,155
66,199
67,112
67,75
67,100
67,197
67,99
67,166
67,92
67,115
67,106
67,118
67,170
67,144
67,127
67,194
67,199
67,90
67,187
67,152
67,402
67,160
67,177
67,163
67,191
67,385
67,94
67,184
67,168
67,182
67,154
67,126
67,82
67,188
67,91
67,88
67,185
67,140
67,164
67,171
67,74
67,173
67,76
67,413
67,122
67,150
67,101
67,149
67,136
67,162
67,139
67,105
67,116
68,130
68,138
68,178
68,110
68,99
68,98
68,160
68,179
68,96
68,186
68,78
68,175
68,142
68,97
68,141
68,69
68,77
68,168
68,132
68,107
68,182
68,184
68,87
68,153
68,190
68,88
68,185
68,133
68,118
68,101
68,164
68,137
68,109
68,176
68,117
68,115
68,74
68,92
68,199
68,105
68,183
68,86
68,126
68,84
69,100
69,104
69,178
69,110
69,135
69,166
69,115
69,106
69,195
69,88
69,83
69,160
69,120
69,107
69,169
69,73
69,168
69,184
69,87
69,154
69,126
69,82
69,97
69,194
69,167
69,70
69,113
69,172
69,134
69,74
69,402
69,199
69,155
70,130
70,100
70,196
70,136
70,96
70,137
70,115
70,106
70,172
70,183
70,144
70,179
70,192
70,151
70,160
70,177
70,180
70,103
70,87
70,184
70,123
70,164
70,117
70,195
70,159
70,85
70,176
70,150
70,124
70,139
71,119
71,75
71,100
71,181
71,178
71,110
71,173
71,115
71,118
71,195
71,179
71,189
71,120
71,145
71,162
71,97
71,103
71,94
71,168
71,184
71,137
71,129
71,182
71,91
71,186
71,89
71,192
71,187
71,140
71,117
71,441
71,150
71,108
71,106
71,72
71,131
71,417
72,148
72,197
72,136
72,158
72,132
72,98
72,195
72,93
72,198
72,169
72,73
72,147
72,141
72,94
72,174
72,137
72,154
72,153
72,87
72,95
72,192
72,187
72,185
72,133
72,193
72,113
72,180
72,134
72,114
72,194
72,127
72,150
72,74
72,155
72,199
72,140
72,183
72,86
72,78
72,175
72,182
72,85
73,81
73,468
73,173
73,114
73,96
73,111
73,443
73,79
73,118
73,132
73,172
73,192
73,93
73,166
73,180
73,86
73,160
73,163
73,162
73,107
73,90
73,187
73,186
73,169
73,198
73,184
73,182
73,159
73,84
73,74
73,91
73,147
73,109
73,112
73,149
73,134
73,199
74,100
74,81
74,104
74,138
74,285
74,188
74,125
74,173
74,92
74,124
74,79
74,116
74,144
74,145
74,179
74,192
74,161
74,87
74,156
74,150
74,86
74,168
74,126
74,78
74,175
74,169
74,120
74,170
74,108
74,163
75,443
75,188
75,170
75,158
75,163
75,198
75,94
75,166
75,184
75,77
75,174
75,129
75,126
75,380
75,186
75,89
75,82
75,133
75,136
75,164
75,137
75,176
75,134
75,125
75,132
75,92
75,76
75,171
75,175
75,78
75,181
75,84
76,100
76,104
76,125
76,173
76,121
76,132
76,183
76,116
76,145
76,199
76,114
76,158
76,77
76,198
76,193
76,153
76,192
76,95
76,159
76,108
76,155
76,171
76,141
76,144
77,443
77,112
77,109
77,114
77,166
77,167
77,144
77,179
77,191
77,158
77,98
77,99
77,186
77,174
77,168
77,123
77,182
77,91
77,169
77,187
77,159
77,193
77,419
77,128
77,176
77,117
77,156
77,108
77,105
77,171
77,97
77,177
77,126
78,173
78,99
78,98
78,160
78,163
78,162
78,141
78,88
78,103
78,144
78,94
78,132
78,122
78,113
78,102
78,91
78,95
78,192
78,153
78,172
78,167
78,136
78,112
78,180
78,139
78,80
78,108
78,155
78,105
78,228
78,131
78,86
79,443
79,112
79,136
79,138
79,181
79,84
79,137
79,323
79,177
79,195
79,144
79,163
79,191
79,148
79,169
79,142
79,170
79,174
79,168
79,125
79,113
79,154
79,87
79,89
79,187
79,140
79,133
79,193
79,83
79,180
79,139
79,134
79,176
79,117
79,86
80,443
80,81
80,109
80,197
80,125
80,173
80,114
80,96
80,115
80,106
80,121
80,161
80,118
80,195
80,191
80,160
80,145
80,138
80,103
80,168
80,132
80,95
80,122
80,140
80,136
80,189
80,101
80,234
80,139
80,127
80,135
80,199
80,105
80,171
80,85
81,130
81,161
81,409
81,118
81,195
81,128
81,120
81,107
81,142
81,145
81,289
81,151
81,178
81,166
81,123
81,184
81,129
81,135
81,126
81,113
81,102
81,154
81,89
81,153
81,99
81,172
81,183
81,90
81,187
81,136
81,139
81,117
81,134
81,177
81,155
81,131
81,85
81,84
82,100
82,104
82,119
82,143
82,98
82,128
82,196
82,99
82,111
82,118
82,403
82,88
82,191
82,166
82,199
82,178
82,90
82,187
82,131
82,150
82,83
82,180
82,300
82,92
82,189
82,120
82,103
82,97
82,182
82,188
82,91
82,93
82,190
82,140
82,176
82,117
82,145
82,148
82,122
82,142
82,116
82,147
82,126
82,129
82,107
83,148
83,104
83,196
83,188
83,125
83,110
83,96
83,167
83,115
83,388
83,88
83,142
83,98
83,195
83,161
83,90
83,92
83,189
83,107
83,93
83,198
83,186
83,175
83,169
83,141
83,103
83,174
83,182
83,154
83,153
83,126
83,95
83,192
83,140
83,164
83,128
83,176
83,197
83,111
83,155
83,183
83,86
84,148
84,253
84,196
84,138
84,178
84,173
84,161
84,163
84,141
84,174
84,168
84,129
84,182
84,113
84,91
84,89
84,192
84,153
84,190
84,133
84,194
84,101
84,180
84,116
84,176
84,139
84,131
84,126
84,158
85,443
85,406
85,178
85,128
85,88
85,87
85,162
85,198
85,168
85,193
85,93
85,140
85,164
85,130
85,177
85,160
85,159
85,103
85,199
85,105
86,197
86,110
86,173
86,135
86,167
86,115
86,158
86,183
86,144
86,191
86,90
86,194
86,87
86,150
86,180
86,103
86,154
86,193
86,113
86,156
86,198
86,462
86,155
87,443
87,109
87,104
87,197
87,119
87,110
87,98
87,132
87,172
87,179
87,191
87,192
87,166
87,281
87,163
87,162
87,107
87,167
87,147
87,169
87,174
87,168
87,123
87,178
87,129
87,103
87,154
87,126
87,186
87,89
87,180
87,128
87,139
87,194
87,150
87,108
87,199
87,155
87,131
87,99
87,134
87,183
88,112
88,138
88,181
88,98
88,173
88,121
88,109
88,400
88,118
88,172
88,160
88,196
88,99
88,177
88,161
88,148
88,147
88,175
88,142
88,94
88,145
88,144
88,154
88,192
88,187
88,93
88,190
88,159
88,164
88,134
88,117
88,194
88,127
88,149
88,108
88,155
88,105
88,131
89,104
89,468
89,110
89,173
89,166
89,92
89,106
89,116
89,144
89,142
89,192
89,127
89,147
89,186
89,123
89,182
89,122
89,140
89,159
89,139
89,171
89,185
89,443
89,152
89,91
89,141
89,134
89,137
89,153
89,164
89,117
89,108
90,100
90,353
90,119
90,188
90,128
90,138
90,115
90,106
90,239
90,118
90,463
90,172
90,116
90,191
90,104
90,161
90,162
90,120
90,163
90,124
90,198
90,186
90,147
90,174
90,123
90,184
90,107
90,153
90,185
90,133
90,139
90,111
90,108
90,199
90,131
90,390
91,130
91,109
91,252
91,119
91,196
91,138
91,110
91,125
91,173
91,132
91,183
91,195
91,145
91,127
91,114
91,147
91,251
91,94
91,151
91,153
91,95
91,189
91,96
91,193
91,129
91,176
91,179
91,111
91,149
91,152
91,134
91,137
91,118
91,113
91,170
91,198
92,130
92,355
92,104
92,197
92,138
92,98
92,114
92,177
92,106
92,189
92,169
92,142
92,147
92,145
92,141
92,168
92,123
92,184
92,182
92,122
92,179
92,172
92,187
92,185
92,121
92,140
92,167
92,113
92,112
92,137
92,116
92,176
92,115
92,132
92,108
92,131
92,171
92,126
92,158
93,130
93,442
93,165
93,119
93,181
93,178
93,98
93,109
93,172
93,183
93,116
93,142
93,177
93,162
93,186
93,169
93,170
93,141
93,129
93,153
93,187
93,185
93,96
93,193
93,108
93,102
93,199
93,196
93,99
93,182
93,158
94,130
94,100
94,104
94,119
94,143
94,125
94,137
94,124
94,118
94,132
94,116
94,199
94,101
94,172
94,186
94,96
94,193
94,189
94,174
94,112
94,105
94,155
94,196
94,97
94,144
94,188
94,141
94,117
94,126
94,161
94,121
94,315
95,165
95,196
95,135
95,136
95,115
95,106
95,191
95,192
95,127
95,161
95,114
95,172
95,189
95,184
95,153
95,140
95,133
95,164
95,176
95,156
95,155
95,149
95,152
95,126
95,117
95,113
95,112
95,188
95,107
96,138
96,181
96,125
96,173
96,114
96,165
96,124
96,106
96,179
96,158
96,163
96,443
96,152
96,169
96,142
96,170
96,151
96,103
96,166
96,129
96,123
96,147
96,113
96,102
96,188
96,192
96,187
96,185
96,167
96,164
96,134
96,115
96,156
96,97
96,108
96,111
97,130
97,138
97,181
97,125
97,111
97,135
97,201
97,144
97,142
97,161
97,189
97,186
97,174
97,168
97,126
97,122
97,164
97,193
97,287
97,249
97,155
97,171
97,191
97,197
97,103
97,185
97,129
97,179
97,146
97,133
98,130
98,104
98,196
98,125
98,110
98,160
98,161
98,198
98,151
98,174
98,168
98,116
98,135
98,404
98,113
98,102
98,145
98,192
98,187
98,140
98,159
98,167
98,164
98,114
98,115
98,111
98,129
98,166
98,169
98,105
98,128
98,108
98,449
98,158
99,443
99,468
99,188
99,110
99,173
99,135
99,161
99,106
99,118
99,189
99,120
99,162
99,169
99,125
99,126
99,113
99,154
99,179
99,123
99,187
99,133
99,194
99,167
99,193
99,136
99,128
99,156
99,132
99,127
99,111
99,155
99,171
100,460
100,177
100,158
100,128
100,198
100,186
100,175
100,129
100,103
100,107
100,197
100,126
100,187
100,185
100,133
100,110
100,212
100,112
100,180
100,176
100,139
100,156
100,149
100,150
100,108
100,155
100,199
100,131
100,171
100,140
100,138
101,130
101,119
101,173
101,166
101,181
101,135
101,183
101,160
101,198
101,169
101,136
101,174
101,182
101,113
101,133
101,159
101,193
101,176
101,108
101,197
101,171
102,138
102,181
102,135
102,136
102,114
102,106
102,121
102,124
102,132
102,170
102,172
102,183
102,192
102,127
102,199
102,158
102,150
102,163
102,168
102,123
102,182
102,155
102,149
102,190
102,133
102,159
102,153
102,189
102,142
102,126
102,144
102,117
103,104
103,143
103,181
103,110
103,121
103,111
103,170
103,172
103,116
103,145
103,142
103,147
103,160
103,177
103,189
103,163
103,120
103,107
103,175
103,141
103,185
103,167
103,133
103,193
103,108
103,197
103,190
103,127
103,118
103,153
103,168
103,131
104,443
104,124
104,177
104,161
104,119
104,158
104,125
104,147
104,393
104,168
104,166
104,197
104,135
104,126
104,153
104,110
104,128
104,322
104,139
104,134
104,127
104,171
104,195
105,112
105,143
105,110
105,136
105,115
105,124
105,172
105,183
105,142
105,127
105,131
105,156
105,150
105,180
105,189
105,107
105,235
105,123
105,122
105,185
105,168
105,117
105,155
105,193
105,133
105,176
105,106
105,159
105,149
106,119
106,138
106,125
106,135
106,128
106,137
106,290
106,167
106,175
106,169
106,312
106,151
106,132
106,129
106,123
106,178
106,109
106,159
106,133
106,180
106,149
106,158
107,188
107,181
107,449
107,137
107,118
107,144
107,172
107,189
107,186
107,184
107,123
107,182
107,139
107,198
107,129
107,166
107,263
107,193
107,199
107,147
107,190
107,133
107,131
107,164
107,120
108,130
108,109
108,143
108,119
108,146
108,158
108,172
108,116
108,145
108,179
108,191
108,192
108,199
108,152
108,180
108,175
108,129
108,154
108,190
108,140
108,155
108,403
108,123
108,197
108,137
108,174
109,130
109,424
109,161
109,179
109,158
109,195
109,189
109,175
109,142
109,145
109,151
109,168
109,123
109,129
109,135
109,159
109,140
109,118
109,167
109,143
109,165
109,139
109,117
109,134
109,120
109,127
109,199
109,196
109,138
110,112
110,138
110,125
110,179
110,163
110,162
110,147
110,143
110,398
110,135
110,184
110,185
110,118
110,194
110,376
110,156
110,114
110,127
111,130
111,119
111,197
111,181
111,115
111,118
111,189
111,120
111,191
111,162
111,198
111,169
111,170
111,151
111,145
111,174
111,168
111,132
111,184
111,129
111,182
111,179
111,153
111,190
111,159
111,209
111,113
111,156
111,122
111,155
111,199
111,207
111,131
111,171
111,138
112,417
112,124
112,179
112,118
112,170
112,129
112,123
112,135
112,154
112,173
112,190
112,159
112,167
112,136
112,137
112,180
112,116
112,165
112,139
112,134
112,344
112,150
112,120
112,127
112,199
112,138
113,443
113,125
113,128
113,136
113,132
113,145
113,191
113,194
113,151
113,195
113,129
113,182
113,154
113,133
113,139
113,155
113,189
113,168
113,126
113,123
113,166
113,131
113,164
113,197
114,119
114,138
114,143
114,125
114,135
114,158
114,195
114,186
114,168
114,184
114,174
114,116
114,122
114,192
114,153
114,172
114,183
114,187
114,133
114,167
114,156
114,194
114,177
114,127
114,169
114,126
115,130
115,196
115,178
115,125
115,173
115,135
115,137
115,309
115,161
115,179
115,118
115,195
115,144
115,163
115,167
115,148
115,175
115,141
115,174
115,168
115,116
115,182
115,192
115,190
115,140
115,180
115,156
115,172
115,120
115,155
115,183
115,158
116,404
116,188
116,143
116,144
116,145
116,141
116,191
116,151
116,174
116,168
116,137
116,153
116,192
116,187
116,159
116,193
116,180
116,156
116,391
116,173
116,131
117,135
117,170
117,144
117,131
117,180
117,185
117,159
117,140
117,149
117,189
117,176
117,127
117,155
117,118
117,167
117,192
118,443
118,119
118,181
118,173
118,128
118,161
118,186
118,142
118,141
118,182
118,126
118,196
118,179
118,192
118,183
118,185
118,133
118,189
118,134
118,155
118,140
119,170
119,161
119,189
119,125
119,142
119,129
119,166
119,123
119,168
119,122
119,179
119,159
119,137
119,139
120,138
120,188
120,173
120,136
120,452
120,192
120,151
120,147
120,187
120,198
120,186
120,179
120,178
120,177
120,163
120,184
120,175
120,128
120,168
120,124
120,144
120,160
120,149
120,443
120,152
120,166
120,155
121,148
121,165
121,181
121,166
121,167
121,179
121,163
121,152
121,147
121,175
121,142
121,145
121,198
121,174
121,123
121,184
121,129
121,182
121,126
121,154
121,172
121,190
121,185
121,159
121,136
121,194
121,193
121,164
121,180
121,139
121,134
121,150
122,130
122,197
122,188
122,125
122,172
122,135
122,147
122,177
122,144
122,149
122,174
122,129
122,176
122,155
122,151
122,193
122,198
122,185
122,141
123,165
123,173
123,132
123,172
123,183
123,144
123,191
123,192
123,156
123,443
123,152
123,195
123,163
123,129
123,133
123,198
123,161
123,159
123,162
123,186
123,184
123,155
124,196
124,204
124,177
124,147
124,144
124,184
124,153
124,190
124,140
124,303
124,206
124,180
124,150
125,157
125,416
125,161
125,186
125,175
125,169
125,162
125,132
125,166
125,135
125,154
125,153
125,172
125,185
125,140
125,136
125,199
125,131
125,195
126,136
126,167
126,195
126,158
126,178
126,152
126,162
126,186
126,182
126,166
126,159
126,134
126,192
126,127
126,151
126,409
126,185
127,138
127,143
127,173
127,135
127,196
127,443
127,144
127,179
127,147
127,168
127,129
127,184
127,169
127,187
127,159
127,193
127,376
127,180
127,176
127,149
127,155
127,199
127,175
127,158
128,130
128,165
128,188
128,181
128,135
128,163
128,191
128,162
128,186
128,169
128,145
128,143
128,166
128,174
128,196
128,185
128,140
128,194
128,167
128,136
128,164
128,172
128,150
128,305
128,195
129,165
129,196
129,138
129,178
129,135
129,166
129,191
129,161
129,199
129,151
129,169
129,174
129,168
129,182
129,154
129,164
129,176
129,198
129,148
129,143
129,179
129,184
129,137
129,147
130,343
130,152
130,147
130,141
130,132
130,174
130,173
130,194
130,167
130,164
130,206
130,143
130,176
130,156
130,178
130,182
130,158
131,294
131,173
131,181
131,167
131,195
131,142
131,191
131,192
131,161
131,189
131,147
131,184
131,174
131,168
131,179
131,156
131,150
131,149
131,132
131,155
132,136
132,167
132,161
132,179
132,195
132,144
132,189
132,163
132,191
132,168
132,154
132,188
132,192
132,140
132,164
132,176
132,156
132,463
132,172
132,169
132,155
132,199
132,134
133,172
133,145
133,179
133,147
133,156
133,152
133,163
133,453
133,162
133,186
133,175
133,169
133,141
133,174
133,168
133,182
133,159
133,330
133,149
133,193
133,192
133,154
133,153
133,195
134,443
134,197
134,165
134,138
134,143
134,179
134,178
134,185
134,190
134,186
134,155
134,156
134,176
134,141
135,443
135,195
135,191
135,160
135,162
135,186
135,145
135,154
135,153
135,180
135,177
135,149
135,150
135,155
135,140
135,183
136,188
136,181
136,160
136,138
136,247
136,144
136,186
136,175
136,166
136,168
136,182
136,192
136,172
136,183
136,187
136,190
136,167
136,193
136,137
136,177
136,149
136,169
136,199
137,217
137,173
137,165
137,166
137,161
137,179
137,158
137,195
137,143
137,174
137,184
137,192
137,153
137,183
137,190
137,185
137,194
137,193
137,139
138,160
138,161
138,195
138,191
138,186
138,151
138,178
138,174
138,182
138,185
138,194
138,193
138,143
138,208
138,232
139,443
139,165
139,143
139,449
139,181
139,197
139,183
139,191
139,147
139,160
139,177
139,140
139,176
139,153
139,307
139,163
139,174
139,168
139,149
140,166
140,183
140,195
140,142
140,161
140,151
140,147
140,160
140,169
140,184
140,168
140,176
140,197
140,155
140,192
140,171
140,194
141,183
141,195
141,145
141,161
141,147
141,150
141,152
141,175
141,169
141,182
141,154
141,190
141,185
141,164
141,194
141,176
141,155
141,187
141,197
141,153
142,460
142,183
142,144
142,145
142,163
142,162
142,151
142,178
142,153
142,179
142,192
142,190
142,159
142,176
142,150
142,155
143,453
143,158
143,144
143,189
143,175
143,181
143,199
144,410
144,178
144,363
144,158
144,231
144,161
144,163
144,152
144,162
144,153
144,194
144,164
144,278
144,173
144,183
145,166
145,295
145,170
145,183
145,443
145,346
145,152
145,186
145,175
145,151
145,168
145,184
145,153
145,187
145,190
145,159
145,185
145,193
145,164
145,176
145,155
145,199
145,173
146,282
146,385
146,174
146,172
147,181
147,178
147,166
147,183
147,161
147,153
147,159
147,193
147,164
147,465
147,176
147,149
147,171
147,175
148,404
148,381
148,198
148,270
148,182
148,412
148,196
148,181
149,165
149,178
149,158
149,183
149,151
149,172
149,187
149,180
149,160
149,177
149,351
149,189
149,184
149,154
149,192
149,156
149,155
149,198
149,174
150,158
150,172
150,154
150,153
150,199
150,193
150,242
150,171
150,175
151,165
151,173
151,170
151,179
151,192
151,177
151,189
151,411
151,152
151,186
151,174
151,168
151,182
151,154
151,153
151,188
151,187
151,185
151,159
151,172
151,180
151,176
151,197
151,195
152,178
152,170
152,195
152,160
152,163
152,199
152,184
152,192
152,182
152,154
152,153
152,186
152,209
152,155
153,178
153,166
153,158
153,179
153,191
153,172
153,187
153,156
153,180
153,198
153,182
153,155
153,171
153,192
153,189
153,188
153,160
153,176
153,194
153,173
154,188
154,183
154,198
154,174
154,190
154,164
154,175
154,184
154,182
155,178
155,167
155,170
155,179
155,166
155,183
155,193
155,185
155,164
155,191
155,177
155,163
155,197
155,161
155,159
155,156
155,409
156,165
156,166
156,161
156,187
156,160
156,177
156,293
156,189
156,180
156,349
157,405
157,455
157,402
157,178
158,188
158,167
158,161
158,189
158,233
158,168
158,192
158,159
158,193
159,166
159,172
159,179
159,162
159,190
159,164
159,173
159,167
159,163
159,160
159,199
159,168
159,198
160,165
160,183
160,195
160,166
160,163
160,198
160,184
160,177
160,164
160,167
161,178
161,173
161,195
161,179
161,163
161,221
161,271
161,174
161,184
161,172
161,176
161,417
162,443
162,188
162,181
162,178
162,172
162,191
162,199
162,186
162,184
162,182
162,164
162,185
162,174
162,197
162,170
163,181
163,191
163,192
163,198
163,176
163,199
163,275
163,194
163,365
164,181
164,178
164,189
164,193
164,185
164,182
164,192
165,177
165,189
165,191
165,186
165,182
165,173
165,192
165,172
165,184
165,378
165,180
165,176
165,171
166,175
166,169
166,221
166,174
166,184
166,186
166,193
166,288
166,180
166,194
166,199
166,171
167,188
167,196
167,170
167,189
167,175
167,168
167,192
167,187
167,190
167,185
167,193
167,180
167,199
168,183
168,192
168,189
168,174
168,193
168,197
168,184
168,182
168,194
169,396
169,181
169,452
169,443
169,192
169,194
169,199
169,178
169,186
169,175
169,193
169,170
169,182
170,412
170,452
170,189
170,177
170,178
170,199
170,381
170,194
171,188
171,181
171,204
171,232
171,180
171,174
171,190
171,185
171,172
171,187
171,173
172,181
172,388
172,191
172,184
172,192
172,183
172,190
172,180
172,331
172,358
173,194
173,197
174,443
174,192
174,187
174,189
174,184
174,182
174,298
174,194
174,199
175,188
175,181
175,449
175,443
175,183
175,199
175,180
175,193
175,190
176,443
176,412
176,196
176,178
176,195
176,194
176,381
176,187
176,180
176,189
176,182
176,190
176,185
176,192
176,184
177,188
177,194
177,190
177,197
178,219
178,196
178,195
178,192
178,183
178,185
178,180
179,463
179,197
179,195
179,186
179,192
179,418
180,196
180,199
180,194
181,443
181,360
181,183
181,185
181,412
181,193
181,199
182,196
182,188
182,290
182,195
182,191
182,187
182,189
183,197
183,189
183,191
183,186
183,196
183,184
183,192
183,185
183,194
184,323
184,390
184,185
184,194
184,192
185,197
185,188
185,442
185,195
185,361
185,190
186,241
186,196
186,188
186,199
186,189
186,198
186,190
187,409
187,209
187,198
187,196
187,266
188,208
188,195
188,189
188,191
189,252
189,443
189,199
189,194
189,191
190,197
190,404
190,195
190,192
190,198
191,402
191,376
191,197
191,196
192,443
193,443
193,412
193,195
193,242
194,443
194,195
194,292
194,197
195,441
196,452
196,198
196,224
197,443
198,333
198,199
200,302
200,236
200,294
200,435
200,268
200,375
200,279
200,244
200,264
200,389
200,334
200,284
200,323
200,291
200,247
200,325
200,253
200,350
200,348
200,216
200,313
200,374
200,207
200,281
200,328
200,231
200,380
200,204
200,398
200,343
200,223
200,371
200,274
200,362
200,327
200,221
200,270
200,367
200,393
200,339
200,336
200,324
200,235
200,260
200,218
200,386
200,331
200,234
200,312
200,215
200,206
200,306
200,261
200,210
200,295
200,330
200,219
200,316
200,370
200,272
200,369
200,395
200,201
200,298
201,265
201,229
201,371
201,318
201,308
201,256
201,412
201,285
201,219
201,226
201,264
201,204
201,334
201,244
201,341
201,344
201,351
201,391
201,310
201,346
201,240
201,290
201,332
201,367
201,368
201,357
201,255
201,220
201,342
201,293
201,393
201,356
201,238
201,287
201,246
201,297
201,269
201,263
201,306
201,377
201,305
201,210
201,207
201,298
201,276
201,373
202,312
202,345
202,248
202,325
202,376
202,374
202,292
202,354
202,273
202,274
203,297
203,395
203,253
203,308
203,314
203,256
203,271
203,268
203,319
203,307
203,328
203,397
203,322
203,216
203,232
203,264
203,204
203,333
203,323
203,257
203,311
203,212
203,309
203,457
203,282
203,351
203,391
203,362
203,327
203,382
203,220
203,251
203,415
203,221
203,239
203,336
203,248
203,249
203,246
203,242
203,235
203,376
203,338
203,385
203,366
203,269
203,341
203,358
203,261
203,355
203,258
203,276
203,299
203,260
203,305
203,356
203,215
203,266
203,347
203,306
203,278
204,214
204,371
204,302
204,236
204,353
204,319
204,281
204,384
204,380
204,247
204,272
204,350
204,332
204,368
204,357
204,327
204,448
204,254
204,293
204,361
204,339
204,303
204,364
204,250
204,348
204,251
204,224
204,386
204,396
204,299
204,296
204,279
204,376
204,313
204,341
204,234
204,227
204,207
204,261
204,358
204,337
204,233
204,330
204,292
204,354
204,365
204,334
204,298
204,243
205,256
205,394
205,371
205,274
205,281
205,223
205,310
205,350
205,332
205,265
205,362
205,255
205,220
205,345
205,367
205,237
205,304
205,249
205,325
205,398
205,299
205,215
205,291
205,266
205,257
205,226
205,323
205,321
206,229
206,371
206,241
206,302
206,314
206,256
206,392
206,289
206,259
206,349
206,363
206,389
206,334
206,291
206,247
206,383
206,285
206,382
206,216
206,313
206,207
206,342
206,272
206,369
206,345
206,321
206,257
206,354
206,465
206,391
206,343
206,288
206,385
206,242
206,339
206,378
206,315
206,287
206,312
206,265
206,362
206,376
206,366
206,269
206,413
206,364
206,267
206,234
206,233
206,330
206,210
206,249
206,296
206,390
206,377
206,280
206,306
206,212
206,309
206,327
206,230
207,265
207,411
207,371
207,302
207,308
207,353
207,320
207,319
207,219
207,392
207,328
207,397
207,226
207,379
207,279
207,322
207,244
207,355
207,258
207,288
207,239
207,389
207,334
207,212
207,291
207,388
207,290
207,325
207,344
207,373
207,382
207,377
207,391
207,331
207,254
207,221
207,367
207,313
207,281
207,378
207,384
207,287
207,249
207,315
207,218
207,289
207,386
207,215
207,214
207,311
207,335
207,365
207,457
207,261
207,257
207,354
207,243
207,340
207,330
207,390
208,241
208,412
208,403
208,217
208,384
208,290
208,221
208,304
208,313
209,469
209,442
209,401
209,449
209,402
210,265
210,286
210,241
210,236
210,426
210,256
210,268
210,360
210,392
210,217
210,279
210,288
210,389
210,212
210,348
210,285
210,382
210,374
210,293
210,377
210,310
210,359
210,262
210,367
210,297
210,394
210,317
210,254
210,228
210,361
210,248
210,238
210,319
210,222
210,368
210,465
210,275
210,246
210,289
210,386
210,296
210,261
210,354
210,340
211,297
211,286
211,302
211,273
211,219
211,360
211,314
211,217
211,216
211,225
211,239
211,284
211,311
211,243
211,350
211,240
211,213
211,309
211,345
211,255
211,380
211,268
211,365
211,252
211,446
211,233
211,270
211,367
211,301
211,368
211,220
211,317
211,235
211,378
211,416
211,222
211,300
211,249
211,265
211,362
211,215
211,358
211,261
211,260
211,280
211,333
211,298
211,392
211,295
211,237
211,254
211,338
211,267
211,343
211,246
211,393
211,396
211,299
211,323
212,214
212,286
212,328
212,289
212,259
212,217
212,322
212,270
212,216
212,264
212,333
212,291
212,344
212,309
212,326
212,233
212,220
212,245
212,342
212,370
212,324
212,248
212,237
212,277
212,310
212,213
212,224
212,275
212,249
212,218
212,296
212,300
212,365
212,316
212,292
212,373
213,353
213,271
213,285
213,307
213,411
213,314
213,217
213,279
213,355
213,258
213,288
213,264
213,284
213,257
213,237
213,243
213,325
213,350
213,344
213,282
213,278
213,223
213,357
213,220
213,254
213,318
213,221
213,393
213,255
213,352
213,277
213,275
213,250
213,315
213,218
213,269
213,341
213,234
213,227
213,306
213,457
213,222
213,305
213,261
213,233
213,330
213,370
213,321
213,459
214,265
214,229
214,233
214,310
214,290
214,346
214,240
214,350
214,283
214,259
214,221
214,361
214,336
214,324
214,270
214,385
214,235
214,241
214,295
214,345
214,248
214,250
214,218
214,368
214,465
214,302
214,234
214,286
214,383
214,219
214,256
214,363
214,266
214,323
214,269
214,366
214,300
214,365
214,299
214,396
214,457
214,305
214,394
214,301
214,389
214,292
214,244
214,358
214,340
214,354
214,308
214,307
214,319
214,273
214,349
214,298
214,274
215,396
215,355
215,285
215,289
215,349
215,379
215,239
215,274
215,226
215,323
215,244
215,341
215,290
215,325
215,350
215,344
215,240
215,309
215,377
215,342
215,257
215,354
215,465
215,233
215,262
215,270
215,367
215,283
215,399
215,317
215,221
215,242
215,339
215,249
215,345
215,248
215,238
215,260
215,281
215,378
215,235
215,376
215,338
215,263
215,306
215,276
215,394
215,391
215,246
215,243
215,340
215,250
215,347
215,227
215,365
215,230
216,371
216,396
216,410
216,359
216,392
216,328
216,322
216,281
216,282
216,223
216,233
216,247
216,283
216,270
216,367
216,341
216,220
216,241
216,338
216,387
216,342
216,394
216,221
216,352
216,312
216,235
216,287
216,364
216,357
216,260
216,249
216,242
216,325
216,251
216,336
216,239
216,288
216,383
216,266
216,368
216,316
216,278
216,334
216,373
217,318
217,302
217,271
217,285
217,392
217,289
217,414
217,375
217,278
217,351
217,417
217,223
217,343
217,350
217,380
217,283
217,265
217,362
217,245
217,379
217,258
217,264
217,387
217,233
217,229
217,326
217,352
217,281
217,378
217,315
217,249
217,251
217,224
217,299
217,311
217,239
217,227
217,226
217,306
217,238
217,335
217,331
217,234
217,365
217,279
217,360
217,263
217,457
217,305
217,261
217,275
217,372
217,244
217,316
217,390
217,250
217,347
217,232
217,369
217,274
218,265
218,371
218,286
218,302
218,256
218,285
218,319
218,219
218,392
218,307
218,270
218,258
218,284
218,257
218,388
218,247
218,237
218,313
218,293
218,377
218,321
218,365
218,384
218,233
218,387
218,251
218,338
218,259
218,356
218,336
218,235
218,277
218,304
218,250
218,246
218,386
218,267
218,263
218,234
218,276
218,229
218,326
218,361
218,337
218,227
218,254
218,248
218,396
218,299
219,265
219,229
219,241
219,425
219,314
219,268
219,414
219,284
219,344
219,278
219,329
219,240
219,301
219,348
219,342
219,395
219,297
219,273
219,370
219,352
219,339
219,270
219,385
219,345
219,248
219,277
219,364
219,285
219,382
219,357
219,260
219,346
219,249
219,393
219,296
219,313
219,269
219,263
219,336
219,239
219,234
219,383
219,227
219,236
219,333
219,289
219,386
219,306
219,363
219,266
219,300
219,377
219,279
219,257
219,399
219,372
219,341
219,244
219,358
219,222
219,293
219,390
219,369
219,243
220,396
220,355
220,314
220,285
220,392
220,307
220,349
220,226
220,419
220,322
220,288
220,458
220,264
220,257
220,341
220,291
220,311
220,290
220,237
220,309
220,377
220,251
220,345
220,255
220,379
220,282
220,331
220,332
220,357
220,260
220,254
220,221
220,259
220,356
220,386
220,336
220,371
220,274
220,324
220,312
220,317
220,270
220,367
220,378
220,384
220,287
220,399
220,325
220,228
220,327
220,457
220,363
220,266
220,253
220,350
220,303
220,304
220,368
220,347
220,395
220,298
221,229
221,396
221,236
221,359
221,289
221,259
221,226
221,322
221,288
221,325
221,348
221,357
221,342
221,321
221,465
221,313
221,281
221,384
221,329
221,398
221,231
221,327
221,338
221,367
221,254
221,399
221,255
221,352
221,362
221,315
221,277
221,303
221,304
221,275
221,416
221,335
221,310
221,360
221,263
221,276
221,250
221,295
221,376
221,261
221,316
221,266
221,361
222,236
222,419
222,271
222,268
222,375
222,392
222,289
222,259
222,226
222,244
222,291
222,388
222,373
222,389
222,292
222,224
222,374
222,377
222,342
222,251
222,282
222,257
222,354
222,262
222,317
222,325
222,228
222,332
222,238
222,312
222,239
222,336
222,299
222,364
222,267
222,352
222,315
222,326
222,316
223,236
223,273
223,320
223,392
223,366
223,349
223,279
223,322
223,389
223,284
223,291
223,247
223,243
223,313
223,293
223,282
223,278
223,328
223,231
223,391
223,343
223,332
223,283
223,254
223,297
223,394
223,367
223,361
223,259
223,356
223,239
223,336
223,241
223,338
223,287
223,465
223,364
223,304
223,275
223,386
223,263
223,331
223,234
223,324
223,227
223,276
223,335
223,397
223,300
223,305
223,330
223,369
223,347
224,318
224,253
224,404
224,375
224,360
224,392
224,328
224,379
224,225
224,239
224,323
224,311
224,247
224,348
224,373
224,285
224,382
224,313
224,262
224,346
224,301
224,233
224,255
224,352
224,312
224,345
224,235
224,378
224,315
224,277
224,271
224,368
224,465
224,304
224,250
224,242
224,386
224,299
224,341
224,423
224,324
224,227
224,266
224,327
224,230
224,335
224,305
224,261
224,333
224,316
224,314
224,258
224,395
224,298
225,355
225,464
225,270
225,335
225,372
225,431
225,334
226,371
226,241
226,428
226,360
226,344
226,282
226,326
226,310
226,262
226,346
226,350
226,357
226,233
226,348
226,342
226,395
226,228
226,318
226,293
226,270
226,303
226,295
226,287
226,319
226,465
226,246
226,269
226,289
226,386
226,322
226,323
226,327
226,230
226,377
226,341
226,244
226,431
227,265
227,229
227,318
227,286
227,350
227,253
227,316
227,386
227,289
227,279
227,333
227,239
227,247
227,256
227,270
227,322
227,272
227,369
227,302
227,255
227,307
227,310
227,354
227,301
227,250
227,246
227,396
227,299
227,234
227,276
227,465
227,230
227,319
227,269
227,366
227,345
227,241
227,335
227,358
227,457
227,290
227,337
227,245
228,318
228,395
228,353
228,314
228,271
228,320
228,392
228,394
228,322
228,264
228,239
228,389
228,257
228,291
228,388
228,247
228,382
228,357
228,313
228,369
228,345
228,255
228,307
228,326
228,328
228,231
228,265
228,362
228,327
228,445
228,251
228,241
228,338
228,288
228,385
228,339
228,312
228,238
228,324
228,374
228,277
228,347
228,250
228,376
228,267
228,399
228,305
228,234
228,372
228,390
228,391
228,309
229,320
229,388
229,384
229,326
229,329
229,231
229,389
229,247
229,301
229,380
229,283
229,255
229,399
229,371
229,342
229,293
229,370
229,312
229,345
229,265
229,362
229,359
229,392
229,275
229,382
229,249
229,242
229,315
229,251
229,465
229,288
229,311
229,313
229,234
229,383
229,324
229,413
229,322
229,300
229,396
229,375
229,360
229,263
229,457
229,257
229,305
229,376
229,279
229,394
229,374
229,341
229,244
229,340
229,307
229,355
229,347
229,373
229,280
230,355
230,241
230,428
230,353
230,252
230,320
230,307
230,328
230,289
230,297
230,394
230,288
230,371
230,274
230,244
230,341
230,311
230,471
230,373
230,377
230,342
230,364
230,281
230,384
230,351
230,362
230,339
230,239
230,336
230,324
230,303
230,235
230,304
230,312
230,266
230,335
230,240
230,337
230,278
230,272
230,369
230,465
230,368
230,330
230,296
230,393
230,387
230,340
231,265
231,371
231,355
231,294
231,271
231,375
231,360
231,289
231,288
231,264
231,236
231,333
231,244
231,341
231,290
231,344
231,241
231,357
231,292
231,380
231,329
231,268
231,365
231,367
231,398
231,301
231,382
231,245
231,336
231,238
231,384
231,287
231,277
231,343
231,246
231,378
231,235
231,376
231,364
231,267
231,393
231,299
231,269
231,305
231,261
231,377
231,280
231,330
231,347
231,346
231,249
231,390
231,275
231,325
231,306
231,318
232,236
232,308
232,273
232,320
232,319
232,392
232,349
232,379
232,419
232,322
232,384
232,398
232,367
232,341
232,317
232,361
232,324
232,465
232,325
232,239
232,269
232,383
232,397
232,300
232,377
232,261
232,374
232,257
232,354
232,365
232,298
232,243
232,373
232,321
232,237
233,318
233,395
233,241
233,319
233,349
233,322
233,410
233,264
233,333
233,323
233,388
233,243
233,325
233,389
233,292
233,377
233,342
233,465
233,281
233,278
233,329
233,391
233,265
233,362
233,387
233,251
233,336
233,324
233,277
233,275
233,250
233,339
233,386
233,312
233,356
233,303
233,305
233,255
233,352
234,396
234,286
234,253
234,426
234,256
234,375
234,360
234,307
234,328
234,349
234,379
234,264
234,323
234,341
234,290
234,237
234,320
234,297
234,394
234,342
234,251
234,369
234,344
234,326
234,398
234,391
234,331
234,310
234,262
234,332
234,283
234,371
234,274
234,382
234,393
234,259
234,356
234,303
234,248
234,281
234,378
234,287
234,374
234,277
234,304
234,347
234,250
234,246
234,376
234,338
234,266
234,298
234,275
234,372
234,339
234,335
234,358
234,362
235,265
235,286
235,314
235,285
235,363
235,270
235,244
235,236
235,333
235,389
235,371
235,274
235,257
235,291
235,243
235,413
235,247
235,344
235,293
235,297
235,394
235,342
235,345
235,271
235,465
235,398
235,283
235,387
235,264
235,361
235,322
235,335
235,238
235,281
235,378
235,304
235,366
235,269
235,263
235,306
235,273
235,370
235,276
235,237
235,321
235,369
235,393
235,278
235,337
235,357
235,260
235,328
235,254
235,255
235,352
235,346
235,249
235,396
236,265
236,241
236,284
236,282
236,428
236,331
236,247
236,290
236,283
236,285
236,357
236,289
236,355
236,258
236,399
236,348
236,254
236,297
236,255
236,352
236,336
236,324
236,312
236,385
236,328
236,248
236,238
236,315
236,287
236,304
236,250
236,246
236,242
236,368
236,465
236,383
236,276
236,266
236,257
236,375
236,301
236,374
236,292
236,337
236,307
236,334
236,390
236,349
236,329
236,272
236,369
236,243
236,321
236,467
237,411
237,252
237,268
237,285
237,319
237,307
237,328
237,366
237,279
237,392
237,295
237,239
237,334
237,274
237,284
237,291
237,290
237,383
237,368
237,357
237,245
237,414
237,351
237,254
237,350
237,361
237,339
237,345
237,277
237,301
237,299
237,296
237,313
237,331
237,302
237,372
237,358
237,316
237,389
237,292
237,258
237,391
238,265
238,297
238,318
238,396
238,241
238,285
238,320
238,397
238,274
238,388
238,253
238,350
238,369
238,255
238,249
238,346
238,331
238,310
238,368
238,345
238,248
238,398
238,301
238,254
238,324
238,316
238,266
238,250
238,304
238,268
238,365
238,315
238,342
238,245
238,329
239,371
239,302
239,359
239,307
239,322
239,264
239,344
239,281
239,388
239,309
239,284
239,398
239,301
239,283
239,387
239,348
239,245
239,342
239,422
239,293
239,393
239,370
239,259
239,356
239,255
239,352
239,336
239,345
239,315
239,277
239,339
239,242
239,299
239,269
239,306
239,327
239,365
239,457
239,305
239,364
239,267
239,304
239,275
239,372
239,358
239,337
239,376
239,316
239,257
239,354
239,347
239,298
239,244
240,371
240,318
240,253
240,353
240,314
240,328
240,258
240,288
240,264
240,334
240,284
240,291
240,344
240,282
240,375
240,278
240,398
240,283
240,357
240,368
240,255
240,393
240,336
240,378
240,348
240,251
240,263
240,312
240,266
240,300
240,437
241,371
241,318
241,310
241,272
241,332
241,367
241,317
241,348
241,254
241,422
241,255
241,352
241,312
241,385
241,295
241,384
241,287
241,260
241,249
241,296
241,376
241,263
241,303
241,256
241,306
241,365
241,394
241,314
241,316
241,358
241,354
241,308
241,273
241,280
242,256
242,319
242,360
242,349
242,394
242,288
242,284
242,244
242,341
242,291
242,383
242,357
242,293
242,342
242,379
242,282
242,326
242,331
242,464
242,367
242,368
242,327
242,382
242,254
242,255
242,352
242,315
242,275
242,246
242,289
242,386
242,376
242,267
242,312
242,370
242,276
242,363
242,266
242,337
242,358
242,269
242,316
242,362
242,387
242,299
242,398
242,298
242,311
242,323
243,318
243,395
243,285
243,359
243,307
243,363
243,322
243,258
243,333
243,284
243,341
243,388
243,282
243,278
243,301
243,327
243,293
243,254
243,259
243,356
243,315
243,362
243,308
243,364
243,275
243,249
243,410
243,313
243,335
243,365
243,263
243,457
243,305
243,304
243,337
243,374
243,373
243,280
244,371
244,396
244,355
244,308
244,268
244,359
244,366
244,349
244,379
244,322
244,270
244,413
244,344
244,281
244,309
244,391
244,310
244,290
244,283
244,357
244,245
244,342
244,254
244,394
244,385
244,264
244,361
244,352
244,324
244,350
244,412
244,315
244,382
244,325
244,296
244,279
244,376
244,323
244,327
244,335
244,300
244,360
244,457
244,304
244,275
244,372
244,261
244,358
244,340
244,374
244,354
244,347
245,396
245,286
245,302
245,415
245,256
245,359
245,289
245,259
245,349
245,279
245,295
245,257
245,291
245,311
245,290
245,350
245,313
245,342
245,255
245,379
245,282
245,281
245,329
245,343
245,331
245,389
245,292
245,310
245,332
245,465
245,368
245,273
245,370
245,264
245,361
245,339
245,248
245,277
245,265
245,362
245,347
245,250
245,249
245,358
245,261
245,337
245,316
245,280
245,385
245,340
245,266
245,393
246,265
246,396
246,273
246,366
246,288
246,264
246,333
246,371
246,274
246,309
246,293
246,255
246,321
246,346
246,281
246,368
246,327
246,338
246,304
246,279
246,376
246,393
246,296
246,388
246,335
246,316
246,261
246,355
246,258
246,307
246,347
246,298
246,308
246,248
247,371
247,302
247,392
247,259
247,414
247,379
247,419
247,322
247,309
247,326
247,391
247,331
247,253
247,350
247,387
247,336
247,263
247,324
247,315
247,320
247,367
247,364
247,260
247,310
247,385
247,306
247,335
247,268
247,365
247,343
247,249
247,305
247,374
247,369
248,265
248,319
248,270
248,389
248,290
248,382
248,313
248,377
248,465
248,365
248,384
248,302
248,399
248,273
248,370
248,336
248,324
248,304
248,354
248,267
248,321
248,339
248,386
248,342
248,337
248,307
248,262
248,331
248,272
248,369
248,301
249,396
249,355
249,395
249,353
249,273
249,318
249,359
249,307
249,394
249,341
249,286
249,383
249,350
249,389
249,292
249,348
249,351
249,343
249,367
249,380
249,283
249,399
249,385
249,277
249,275
249,366
249,269
249,276
249,267
249,358
249,287
249,260
249,313
249,305
249,308
249,304
249,311
249,250
249,388
249,356
250,396
250,355
250,302
250,256
250,285
250,328
250,314
250,366
250,333
250,389
250,334
250,311
250,388
250,344
250,313
250,293
250,377
250,350
250,369
250,345
250,271
250,465
250,329
250,367
250,301
250,283
250,327
250,288
250,385
250,378
250,370
250,276
250,335
250,415
250,359
250,262
250,372
250,312
250,261
251,355
251,308
251,256
251,462
251,268
251,320
251,379
251,363
251,295
251,311
251,291
251,388
251,348
251,292
251,377
251,398
251,343
251,262
251,332
251,270
251,367
251,274
251,368
251,255
251,387
251,254
251,361
251,285
251,384
251,287
251,265
251,362
251,325
251,397
251,297
251,394
251,289
251,386
251,257
251,354
251,340
251,390
251,347
251,298
252,396
252,415
252,403
252,449
252,417
252,416
252,366
253,355
253,282
253,329
253,309
253,310
253,262
253,346
253,301
253,327
253,341
253,264
253,338
253,290
253,387
253,342
253,352
253,339
253,312
253,303
253,265
253,362
253,392
253,357
253,260
253,396
253,299
253,376
253,313
253,331
253,324
253,386
253,276
253,323
253,322
253,314
253,272
253,369
253,437
254,314
254,268
254,273
254,392
254,328
254,333
254,323
254,388
254,290
254,377
254,320
254,342
254,282
254,354
254,465
254,346
254,349
254,446
254,384
254,351
254,331
254,310
254,269
254,335
254,337
254,307
254,298
254,276
254,326
254,312
254,317
254,332
254,267
254,338
254,385
254,341
254,304
255,286
255,375
255,320
255,319
255,349
255,279
255,258
255,288
255,264
255,333
255,371
255,274
255,323
255,341
255,291
255,357
255,309
255,418
255,374
255,345
255,344
255,282
255,351
255,331
255,327
255,290
255,387
255,325
255,332
255,304
255,339
255,386
255,393
255,296
255,324
255,306
255,457
255,299
255,372
255,347
255,340
255,270
255,367
256,308
256,353
256,454
256,284
256,320
256,388
256,278
256,329
256,380
256,398
256,346
256,272
256,350
256,332
256,285
256,327
256,341
256,317
256,395
256,293
256,356
256,352
256,312
256,345
256,385
256,295
256,378
256,362
256,304
256,275
256,445
256,410
256,313
256,324
256,303
256,306
256,323
256,335
256,300
256,271
256,279
256,257
256,360
256,457
256,267
256,261
256,374
256,273
256,399
256,299
257,265
257,318
257,355
257,395
257,353
257,392
257,279
257,389
257,344
257,388
257,379
257,282
257,326
257,391
257,346
257,283
257,341
257,387
257,345
257,332
257,285
257,382
257,260
257,310
257,325
257,360
257,263
257,312
257,306
257,399
257,261
257,304
257,330
257,354
257,390
257,430
258,302
258,353
258,307
258,344
258,379
258,282
258,278
258,326
258,333
258,346
258,301
258,283
258,327
258,394
258,356
258,352
258,324
258,303
258,367
258,295
258,378
258,362
258,465
258,275
258,310
258,288
258,313
258,359
258,262
258,462
258,365
258,457
258,304
258,358
258,293
258,390
258,347
258,276
258,373
259,265
259,302
259,294
259,314
259,268
259,307
259,289
259,384
259,326
259,350
259,398
259,301
259,367
259,357
259,327
259,387
259,414
259,317
259,342
259,352
259,339
259,277
259,304
259,275
259,465
259,299
259,269
259,331
259,266
259,376
259,279
259,457
259,358
259,295
259,389
259,292
259,395
259,298
259,274
260,371
260,286
260,428
260,302
260,412
260,392
260,328
260,349
260,363
260,320
260,417
260,288
260,334
260,272
260,291
260,381
260,325
260,348
260,382
260,357
260,389
260,292
260,342
260,354
260,326
260,301
260,327
260,297
260,264
260,361
260,336
260,324
260,277
260,304
260,335
260,280
260,396
260,299
260,372
260,358
260,397
260,347
260,298
260,329
260,281
260,378
260,276
261,302
261,271
261,379
261,279
261,288
261,264
261,389
261,334
261,274
261,272
261,291
261,311
261,290
261,383
261,350
261,373
261,345
261,360
261,457
261,354
261,346
261,281
261,375
261,278
261,326
261,331
261,367
261,327
261,356
261,386
261,336
261,277
261,393
261,299
261,337
261,342
261,352
261,372
261,267
261,315
261,394
261,398
262,314
262,285
262,273
262,320
262,392
262,397
262,394
262,363
262,419
262,322
262,270
262,288
262,333
262,291
262,311
262,374
262,293
262,369
262,364
262,281
262,329
262,326
262,310
262,274
262,265
262,362
262,290
262,387
262,398
262,301
262,361
262,312
262,287
262,306
262,393
262,323
262,337
262,331
262,319
262,269
263,297
263,308
263,435
263,285
263,456
263,307
263,314
263,264
263,389
263,371
263,274
263,291
263,311
263,290
263,348
263,357
263,320
263,345
263,286
263,383
263,365
263,331
263,283
263,336
263,277
263,368
263,267
263,305
263,316
263,347
263,352
263,384
263,287
263,337
263,378
263,295
263,301
263,298
263,299
263,312
263,362
263,315
263,376
263,332
263,306
263,273
263,370
263,340
263,296
263,318
264,294
264,268
264,307
264,363
264,288
264,284
264,344
264,326
264,333
264,350
264,270
264,367
264,414
264,302
264,399
264,387
264,342
264,361
264,356
264,324
264,312
264,303
264,332
264,295
264,378
264,368
264,465
264,357
264,310
264,325
264,397
264,297
264,309
264,376
264,269
264,388
264,291
264,329
264,360
264,457
264,396
264,299
264,305
264,275
264,372
264,358
264,340
264,330
264,323
264,274
264,373
265,284
265,344
265,278
265,309
265,331
265,290
265,318
265,301
265,326
265,327
265,285
265,317
265,371
265,339
265,429
265,359
265,275
265,465
265,299
265,296
265,311
265,313
265,383
265,324
265,386
265,303
265,366
265,365
265,314
265,316
265,334
265,390
265,273
265,355
265,349
265,399
265,321
266,314
266,285
266,360
266,328
266,279
266,410
266,348
266,357
266,272
266,369
266,380
266,364
266,465
266,365
266,332
266,303
266,367
266,273
266,370
266,269
266,337
266,298
266,386
266,331
266,324
266,277
266,452
266,310
266,288
266,385
266,330
267,458
267,273
267,359
267,392
267,307
267,289
267,366
267,379
267,279
267,363
267,350
267,309
267,369
267,271
267,465
267,420
267,343
267,428
267,331
267,310
267,332
267,390
267,285
267,382
267,277
267,396
267,299
267,373
267,276
267,337
267,330
267,457
267,306
267,352
267,346
267,275
267,321
267,301
267,298
268,419
268,284
268,281
268,282
268,326
268,380
268,344
268,310
268,346
268,367
268,327
268,414
268,317
268,352
268,328
268,338
268,416
268,308
268,304
268,275
268,325
268,368
268,465
268,299
268,386
268,323
268,279
268,457
268,394
268,330
268,374
268,349
268,321
269,297
269,286
269,302
269,308
269,392
269,307
269,322
269,333
269,274
269,341
269,350
269,445
269,348
269,285
269,382
269,309
269,293
269,364
269,391
269,303
269,287
269,277
269,369
269,275
269,335
269,290
269,387
269,340
269,337
269,354
269,429
269,332
269,313
269,296
269,393
270,411
270,371
270,302
270,320
270,392
270,284
270,344
270,281
270,329
270,398
270,331
270,290
270,272
270,447
270,350
270,367
270,357
270,327
270,339
270,393
270,385
270,345
270,362
270,364
270,315
270,348
270,309
270,311
270,313
270,306
270,335
270,300
270,360
270,457
270,372
270,316
270,374
270,292
270,376
270,347
270,373
271,371
271,410
271,326
271,391
271,355
271,350
271,357
271,362
271,290
271,387
271,332
271,384
271,287
271,325
271,465
271,299
271,393
271,296
271,386
271,366
271,279
271,375
271,457
271,364
271,273
271,319
271,334
271,390
271,347
271,369
271,373
271,321
272,411
272,462
272,308
272,435
272,320
272,279
272,322
272,295
272,281
272,278
272,380
272,391
272,331
272,290
272,393
272,385
272,465
272,398
272,299
272,311
272,313
272,324
272,303
272,327
272,335
272,300
273,286
273,314
273,375
273,278
273,326
273,320
273,331
273,367
273,341
273,399
273,387
273,342
273,328
273,345
273,378
273,277
273,308
273,275
273,325
273,288
273,311
273,306
273,365
273,457
273,364
273,330
273,340
273,354
273,307
273,319
273,334
273,349
273,298
273,369
274,318
274,355
274,307
274,397
274,379
274,278
274,380
274,346
274,290
274,387
274,324
274,303
274,378
274,287
274,364
274,275
274,348
274,359
274,279
274,376
274,360
274,331
274,299
274,340
274,292
274,316
274,354
274,390
274,369
274,302
275,297
275,419
275,319
275,392
275,289
275,279
275,334
275,371
275,388
275,383
275,325
275,313
275,320
275,281
275,326
275,343
275,368
275,362
275,324
275,366
275,370
275,358
275,317
275,315
275,365
275,393
275,390
275,357
275,399
275,314
275,364
276,396
276,308
276,314
276,414
276,366
276,311
276,388
276,373
276,285
276,382
276,374
276,321
276,354
276,326
276,343
276,387
276,338
276,303
276,393
276,305
276,337
276,413
276,316
276,295
276,298
276,280
276,357
276,329
276,358
276,312
276,356
277,396
277,355
277,307
277,322
277,288
277,323
277,286
277,383
277,471
277,382
277,389
277,292
277,313
277,345
277,321
277,365
277,375
277,278
277,343
277,398
277,301
277,378
277,287
277,279
277,376
277,416
277,305
277,340
277,337
277,361
277,357
277,386
277,342
277,372
277,415
278,297
278,318
278,395
278,308
278,334
278,371
278,311
278,291
278,388
278,416
278,383
278,340
278,350
278,309
278,380
278,367
278,368
278,382
278,378
278,385
278,287
278,339
278,280
278,324
278,379
278,282
278,376
278,370
279,395
279,286
279,328
279,366
279,388
279,326
279,309
279,367
279,327
279,387
279,394
279,293
279,370
279,382
279,310
279,325
279,393
279,296
279,311
279,313
279,322
279,323
279,335
279,365
279,465
279,299
279,333
279,330
279,374
279,292
279,334
279,377
279,280
280,297
280,395
280,302
280,319
280,289
280,308
280,295
280,389
280,334
280,293
280,380
280,321
280,364
280,331
280,367
280,303
280,304
280,299
280,353
280,306
280,326
280,358
280,352
280,300
280,316
280,298
280,361
280,292
280,386
281,285
281,366
281,349
281,341
281,293
281,457
281,282
281,364
281,465
281,365
281,351
281,292
281,287
281,335
281,283
281,330
281,339
281,342
281,424
281,326
281,331
281,376
281,362
281,396
281,299
282,396
282,286
282,445
282,314
282,366
282,389
282,388
282,290
282,471
282,350
282,357
282,345
282,381
282,375
282,391
282,344
282,332
282,283
282,368
282,327
282,367
282,287
282,362
282,306
282,399
282,354
282,304
282,293
282,390
282,347
282,340
283,395
283,328
283,397
283,323
283,341
283,325
283,344
283,374
283,342
283,380
283,465
283,351
283,398
283,289
283,386
283,399
283,338
283,387
283,340
283,358
283,310
283,356
284,318
284,314
284,353
284,360
284,328
284,397
284,379
284,363
284,322
284,389
284,344
284,357
284,302
284,399
284,348
284,394
284,352
284,336
284,324
284,367
284,378
284,362
284,368
284,465
284,315
284,313
284,432
284,335
284,305
284,330
284,316
284,390
284,395
284,298
285,371
285,318
285,388
285,326
285,309
285,398
285,391
285,387
285,293
285,370
285,356
285,287
285,359
285,295
285,392
285,310
285,315
285,313
285,333
285,312
285,386
285,322
285,366
285,364
285,330
285,316
285,372
285,307
285,347
285,321
286,371
286,395
286,344
286,343
286,310
286,398
286,301
286,379
286,363
286,338
286,387
286,293
286,352
286,345
286,295
286,287
286,382
286,357
286,325
286,465
286,296
286,428
286,331
286,324
286,314
286,308
286,373
287,297
287,396
287,302
287,353
287,314
287,319
287,311
287,383
287,373
287,382
287,320
287,354
287,465
287,384
287,457
287,338
287,393
287,306
287,359
287,331
287,293
287,390
287,367
287,323
287,374
287,361
287,317
287,304
287,316
287,332
287,379
288,396
288,302
288,375
288,319
288,392
288,397
288,379
288,384
288,331
288,362
288,387
288,317
288,348
288,342
288,385
288,356
288,312
288,339
288,363
288,365
288,368
288,457
288,372
288,337
288,316
288,369
288,347
288,298
289,371
289,353
289,392
289,384
289,350
289,332
289,367
289,338
289,342
289,326
289,356
289,345
289,319
289,411
289,339
289,325
289,376
289,322
289,388
289,291
289,365
289,394
289,396
289,299
289,307
289,358
289,298
289,369
290,462
290,308
290,363
290,344
290,380
290,398
290,343
290,346
290,429
290,332
290,367
290,399
290,342
290,351
290,293
290,393
290,345
290,315
290,465
290,364
290,386
290,376
290,366
290,331
290,312
290,334
290,304
290,354
290,358
290,337
290,298
291,371
291,353
291,307
291,363
291,295
291,341
291,329
291,351
291,343
291,331
291,310
291,342
291,350
291,393
291,356
291,352
291,336
291,312
291,364
291,357
291,359
291,306
291,399
291,372
291,340
291,354
292,297
292,318
292,412
292,375
292,320
292,359
292,392
292,349
292,363
292,322
292,389
292,373
292,326
292,351
292,367
292,342
292,336
292,378
292,304
292,445
292,386
292,299
292,296
292,376
292,306
292,300
292,368
292,372
292,358
292,330
292,369
293,418
293,314
293,353
293,333
293,334
293,341
293,309
293,380
293,398
293,331
293,320
293,346
293,342
293,399
293,395
293,393
293,361
293,336
293,324
293,312
293,303
293,367
293,332
293,465
293,382
293,339
293,315
293,386
293,366
293,365
293,337
293,316
293,369
294,411
294,446
294,449
294,381
294,416
294,413
294,343
294,332
294,307
295,396
295,302
295,353
295,392
295,366
295,322
295,355
295,416
295,391
295,333
295,332
295,368
295,327
295,317
295,385
295,339
295,336
295,312
295,303
295,308
295,364
295,341
295,383
295,323
295,390
296,371
296,319
296,349
296,379
296,363
296,344
296,348
296,373
296,389
296,342
296,351
296,329
296,331
296,360
296,457
296,338
296,356
296,303
296,386
296,306
296,298
296,354
296,337
296,340
296,358
296,299
296,413
296,316
296,317
297,388
297,351
297,326
297,398
297,310
297,367
297,341
297,338
297,387
297,342
297,395
297,370
297,356
297,332
297,392
297,348
297,311
297,331
297,306
297,322
297,299
297,396
297,372
297,374
297,334
297,355
297,347
297,377
298,396
298,353
298,375
298,320
298,359
298,397
298,334
298,388
298,325
298,350
298,413
298,423
298,317
298,358
298,337
298,301
298,340
298,378
298,374
298,377
299,353
299,359
299,307
299,366
299,349
299,394
299,379
299,322
299,371
299,388
299,348
299,338
299,361
299,420
299,319
299,358
299,347
299,337
299,387
299,335
299,377
299,370
299,360
299,457
299,357
299,333
299,339
299,314
299,364
299,315
299,301
299,302
299,399
299,324
299,393
300,371
300,318
300,302
300,419
300,447
300,359
300,366
300,333
300,311
300,382
300,342
300,344
300,317
300,352
300,324
300,315
300,364
300,310
300,306
300,354
301,353
301,319
301,392
301,397
301,366
301,379
301,389
301,383
301,350
301,382
301,377
301,342
301,351
301,329
301,343
301,331
301,310
301,367
301,327
301,387
301,386
301,317
301,364
301,308
301,358
301,340
301,312
301,362
301,356
301,324
301,394
301,328
301,304
301,305
302,395
302,417
302,388
302,351
302,309
302,380
302,310
302,332
302,317
302,342
302,312
302,345
302,396
302,311
302,383
302,322
302,366
302,397
302,394
302,304
302,314
302,372
302,340
302,337
302,347
303,410
303,319
303,359
303,307
303,394
303,322
303,389
303,348
303,309
303,374
303,360
303,457
303,351
303,391
303,343
303,338
303,352
303,376
303,306
303,372
303,315
303,365
303,327
303,370
303,366
303,414
303,317
303,337
304,314
304,353
304,460
304,375
304,359
304,392
304,328
304,397
304,394
304,341
304,325
304,348
304,389
304,369
304,360
304,457
304,379
304,354
304,465
304,329
304,362
304,378
304,336
304,383
304,386
304,358
304,330
304,355
304,347
304,376
304,357
304,382
304,315
304,361
304,324
304,327
304,346
305,355
305,428
305,308
305,353
305,375
305,379
305,395
305,350
305,309
305,313
305,326
305,352
305,383
305,306
305,387
305,340
305,361
305,341
305,388
305,374
305,372
305,390
306,308
306,460
306,375
306,307
306,349
306,322
306,334
306,341
306,353
306,381
306,383
306,373
306,382
306,357
306,313
306,369
306,321
306,346
306,351
306,331
306,465
306,368
306,327
306,387
306,317
306,336
306,324
306,315
306,335
306,385
306,338
306,328
306,312
306,360
306,332
307,438
307,308
307,353
307,319
307,344
307,329
307,309
307,350
307,332
307,357
307,338
307,317
307,356
307,449
307,352
307,312
307,310
307,397
307,311
307,376
307,313
307,336
307,331
307,386
307,365
307,368
307,372
307,337
307,316
307,349
307,373
307,321
308,396
308,418
308,412
308,344
308,351
308,309
308,389
308,357
308,399
308,338
308,356
308,339
308,336
308,345
308,328
308,392
308,346
308,343
308,397
308,365
308,457
308,394
308,330
308,372
308,354
308,370
308,347
308,340
309,318
309,349
309,379
309,322
309,373
309,313
309,375
309,329
309,326
309,351
309,331
309,327
309,387
309,352
309,336
309,345
309,368
309,465
309,386
309,354
309,372
309,330
309,316
310,360
310,328
310,333
310,389
310,381
310,344
310,382
310,357
310,377
310,369
310,345
310,329
310,362
310,352
310,312
310,370
310,376
310,368
310,398
310,351
310,315
310,356
310,399
310,361
311,318
311,396
311,425
311,319
311,392
311,314
311,366
311,349
311,379
311,323
311,329
311,332
311,357
311,414
311,342
311,393
311,385
311,356
311,336
311,324
311,346
311,386
311,383
311,327
311,432
311,335
311,377
311,365
311,370
311,369
311,321
312,314
312,363
312,322
312,392
312,377
312,345
312,384
312,329
312,368
312,387
312,393
312,352
312,386
312,376
312,359
312,358
312,360
312,351
312,339
312,372
312,319
313,426
313,375
313,349
313,379
313,383
313,348
313,373
313,380
313,391
313,327
313,387
313,317
313,342
313,385
313,370
313,336
313,345
313,465
313,364
313,346
313,386
313,377
313,457
313,354
313,340
314,318
314,395
314,381
314,357
314,327
314,336
314,332
314,378
314,315
314,384
314,362
314,359
314,325
314,376
314,322
314,377
314,375
314,394
314,358
314,354
314,319
314,390
315,353
315,349
315,379
315,373
315,377
315,345
315,383
315,364
315,365
315,398
315,467
315,370
315,352
315,386
315,372
315,335
315,385
315,457
315,413
315,316
315,378
315,399
315,368
316,355
316,392
316,414
316,397
316,363
316,389
316,323
316,341
316,325
316,348
316,369
316,465
316,321
316,362
316,387
316,384
316,388
316,391
316,352
316,350
316,376
316,326
316,457
316,346
316,336
316,378
316,373
317,396
317,359
317,328
317,363
317,333
317,389
317,323
317,344
317,357
317,369
317,364
317,331
317,327
317,399
317,347
317,339
317,336
317,368
317,356
317,352
317,326
318,417
318,426
318,329
318,332
318,379
318,399
318,348
318,342
318,370
318,336
318,378
318,346
318,324
318,322
318,366
318,337
318,347
319,371
319,320
319,446
319,344
319,362
319,341
319,336
319,465
319,396
319,324
319,366
319,365
319,337
319,354
319,334
319,347
319,373
319,321
320,462
320,434
320,410
320,455
320,470
320,326
320,398
320,391
320,333
320,341
320,338
320,356
320,336
320,393
320,367
320,385
320,378
320,359
320,348
320,465
320,376
320,360
320,330
320,389
320,370
320,329
321,328
321,348
321,351
321,331
321,367
321,361
321,339
321,332
321,335
321,340
321,377
322,355
322,395
322,462
322,360
322,350
322,357
322,348
322,342
322,370
322,339
322,393
322,345
322,429
322,332
322,392
322,338
322,378
322,397
322,366
322,324
322,372
322,330
322,374
322,334
322,347
322,369
322,340
322,373
323,355
323,353
323,375
323,379
323,363
323,333
323,389
323,359
323,346
323,348
323,342
323,350
323,385
323,336
323,324
323,368
323,465
323,364
323,339
323,386
323,377
323,340
323,392
323,374
323,362
324,360
324,328
324,379
324,388
324,373
324,380
324,461
324,364
324,462
324,365
324,351
324,329
324,387
324,370
324,352
324,339
324,397
324,358
324,335
324,385
324,333
324,398
324,424
324,345
324,367
325,419
325,353
325,429
325,359
325,392
325,379
325,383
325,329
325,350
325,367
325,327
325,342
325,361
325,356
325,352
325,339
325,336
325,382
325,386
325,388
325,376
325,335
325,457
325,399
325,337
325,390
326,371
326,396
326,328
326,397
326,366
326,379
326,462
326,365
326,343
326,368
326,447
326,327
326,338
326,386
326,376
326,340
326,330
326,382
326,373
326,351
326,356
326,359
327,392
327,424
327,417
327,368
327,362
327,399
327,379
327,337
327,357
327,336
327,361
327,398
327,342
327,340
328,353
328,380
328,341
328,361
328,356
328,352
328,339
328,393
328,345
328,382
328,357
328,465
328,331
328,377
328,394
328,376
328,358
328,337
328,330
328,334
328,369
329,396
329,355
329,410
329,360
329,414
329,394
329,388
329,350
329,344
329,465
329,346
329,351
329,362
329,387
329,347
329,336
329,386
329,370
329,367
329,354
329,338
329,385
329,339
329,342
330,353
330,392
330,349
330,388
330,383
330,380
330,384
330,367
330,399
330,338
330,356
330,339
330,386
330,361
330,352
330,372
330,457
331,371
331,416
331,383
331,350
331,470
331,382
331,465
331,365
331,343
331,367
331,399
331,387
331,376
331,358
331,360
331,457
331,341
331,359
331,398
332,396
332,397
332,349
332,357
332,391
332,367
332,368
332,352
332,376
332,372
332,394
332,366
332,351
332,354
332,369
332,378
332,398
332,386
332,358
333,371
333,379
333,363
333,380
333,359
333,350
333,362
333,338
333,348
333,356
333,339
333,382
333,386
333,368
333,337
333,354
333,347
333,446
334,462
334,353
334,349
334,388
334,384
334,350
334,386
334,337
334,395
334,377
335,360
335,394
335,389
335,341
335,364
335,354
335,365
335,399
335,385
335,339
335,369
335,366
335,343
336,355
336,353
336,349
336,392
336,341
336,348
336,382
336,374
336,365
336,367
336,338
336,352
336,387
336,340
336,376
336,360
336,366
336,413
337,371
337,428
337,341
337,350
337,382
337,343
337,387
337,370
337,372
337,360
337,457
337,364
337,351
337,374
337,396
337,369
337,373
338,371
338,360
338,366
338,341
338,383
338,348
338,377
338,346
338,399
338,339
338,378
338,376
338,396
338,387
338,382
338,380
338,465
338,368
338,347
338,367
338,361
339,371
339,412
339,360
339,359
339,366
339,349
339,350
339,348
339,382
339,430
339,343
339,368
339,352
339,376
339,375
339,342
339,356
339,380
339,391
339,396
340,396
340,355
340,359
340,349
340,371
340,357
340,377
340,345
340,364
340,384
340,367
340,387
340,370
340,393
340,380
340,374
340,366
340,375
340,398
340,362
340,465
340,368
341,371
341,359
341,349
341,363
341,416
341,398
341,391
341,343
341,367
341,395
341,385
341,361
341,352
341,378
341,346
341,376
341,358
342,392
342,366
342,394
342,383
342,395
342,389
342,377
342,350
342,384
342,343
342,356
342,378
342,398
342,385
342,386
342,397
342,368
342,465
343,396
343,426
343,429
343,389
343,388
343,357
343,369
343,351
343,393
343,415
343,391
343,470
343,465
343,368
343,354
344,427
344,448
344,360
344,349
344,363
344,355
344,367
344,357
344,368
344,394
344,361
344,387
344,378
344,382
344,388
344,399
344,365
345,353
345,348
345,373
345,380
345,367
345,368
345,387
345,356
345,432
345,385
345,394
345,376
345,360
345,365
345,372
346,464
346,419
346,360
346,359
346,392
346,395
346,350
346,348
346,354
346,365
346,391
346,368
346,387
346,393
346,385
346,376
346,399
346,364
346,370
347,395
347,375
347,363
347,389
347,354
347,462
347,365
347,391
347,368
347,362
347,385
347,352
347,386
347,390
347,396
347,399
347,360
347,357
347,358
347,361
347,355
347,397
348,375
348,359
348,414
348,349
348,371
348,383
348,351
348,382
348,376
348,366
348,360
348,377
348,365
348,354
348,369
349,366
349,398
349,363
349,399
349,362
349,383
349,386
349,365
349,377
349,394
349,457
349,354
349,369
349,373
350,371
350,360
350,379
350,380
350,398
350,356
350,382
350,376
351,371
351,425
351,359
351,363
351,357
351,389
351,465
351,387
351,457
351,376
351,367
352,395
352,359
352,366
352,394
352,389
352,388
352,383
352,382
352,465
352,365
352,384
352,398
352,399
352,387
352,370
352,356
352,385
352,358
352,457
352,416
353,415
353,391
353,368
353,363
353,356
353,393
353,359
353,373
354,396
354,375
354,360
354,394
354,371
354,383
354,422
354,399
354,445
354,385
354,376
354,373
354,372
354,358
354,370
355,398
355,391
355,362
355,387
355,378
355,359
355,397
355,375
355,457
355,358
355,390
355,373
356,462
356,366
356,388
356,413
356,382
356,357
356,374
356,450
356,465
356,391
356,385
356,372
356,394
357,359
357,366
357,389
357,383
357,379
357,398
357,391
357,368
357,394
357,370
357,367
357,378
357,376
357,372
358,371
358,360
358,392
358,363
358,374
358,383
358,395
358,372
358,396
358,393
358,380
359,380
359,379
359,363
359,387
359,378
359,392
359,368
359,465
359,383
359,386
359,366
359,372
360,398
360,362
360,399
360,445
360,385
360,378
360,383
360,366
360,371
361,371
361,375
361,366
361,363
361,380
361,398
361,387
361,393
361,396
361,379
361,376
361,390
361,362
362,396
362,429
362,375
362,363
362,416
362,373
362,379
362,380
362,364
362,391
362,393
362,398
362,382
362,386
362,457
362,397
363,371
363,392
363,379
363,423
363,384
363,380
363,367
363,370
363,465
363,383
363,365
363,377
363,457
363,372
363,389
363,459
364,389
364,388
364,410
364,367
364,386
364,397
364,368
364,465
364,396
364,377
365,375
365,397
365,389
365,373
365,377
365,387
365,385
365,378
365,376
365,457
365,390
366,410
366,368
366,399
366,393
366,378
366,386
366,377
366,394
366,457
366,374
366,373
367,392
367,397
367,388
367,369
367,391
367,389
367,399
367,386
367,384
367,376
367,394
367,414
367,395
367,377
368,396
368,388
368,380
368,398
368,412
368,457
368,395
368,399
368,372
369,396
369,412
369,375
369,392
369,379
369,382
369,374
369,385
369,457
369,465
369,372
369,390
370,418
370,397
370,394
370,380
370,465
370,384
370,398
370,386
370,391
370,383
370,399
371,446
371,384
371,385
371,378
371,392
371,465
371,377
371,396
371,372
372,395
372,392
372,397
372,457
372,385
372,446
372,376
372,374
373,396
373,385
373,384
373,382
373,386
373,399
374,392
374,389
374,383
374,380
374,394
374,378
374,456
374,377
374,457
374,390
375,426
375,380
375,397
375,387
375,378
375,465
375,457
375,389
376,396
376,392
376,379
376,389
376,387
376,393
376,386
376,398
377,394
377,383
377,384
377,393
377,465
377,457
377,390
378,392
378,465
378,387
378,457
379,395
379,397
379,380
379,394
379,465
379,382
379,393
379,383
379,386
379,457
379,399
379,390
380,395
380,397
380,389
380,382
380,454
380,384
380,391
380,393
380,387
380,465
382,419
382,394
382,391
382,453
382,386
382,385
383,419
383,389
383,398
383,387
383,384
383,390
384,397
384,393
384,424
384,446
384,395
384,386
385,411
385,461
385,391
385,393
385,387
385,386
385,399
385,459
386,396
386,395
386,390
387,397
387,454
387,393
387,437
387,396
387,449
388,418
388,391
388,398
388,396
389,395
389,398
389,390
390,438
390,395
391,396
391,394
391,421
391,399
391,428
392,395
392,457
392,394
393,394
393,450
393,399
393,470
394,397
394,396
394,457
394,399
395,471
395,417
395,398
395,396
396,465
397,399
397,421
397,465
397,457
398,462
398,446
398,465
398,416
399,465
400,442
400,460
400,401
401,442
402,409
402,453
402,415
402,441
402,404
403,463
403,405
403,404
403,453
404,463
404,407
405,409
405,442
405,406
405,407
406,409
406,455
406,441
406,442
407,426
407,453
407,442
407,455
410,449
410,416
410,415
411,417
411,415
411,412
411,414
412,449
413,418
413,449
413,414
413,417
414,461
414,415
414,419
414,417
415,429
415,417
416,426
416,417
417,471
417,462
419,453
420,426
420,425
420,429
420,471
421,471
421,454
421,422
421,428
421,450
422,471
423,445
423,456
423,446
423,454
424,445
424,429
424,437
424,465
424,462
425,471
425,446
425,450
425,454
426,461
426,450
426,429
426,447
427,438
428,465
428,429
428,470
429,432
430,438
431,437
431,436
431,435
431,434
433,435
433,436
433,437
434,436
435,437
435,458
436,438
436,456
436,467
437,458
437,467
437,438
438,458
440,468
441,463
441,452
442,452
444,451
444,447
446,470
447,471
447,454
448,470
450,470
450,471
451,452
452,468
453,455
454,470
455,468
457,465
458,467
459,466
460,468
461,471
